resource_id,cpu_avg,cpu_p95,memory_avg,network_pct,internet_facing,identity_attached,cpu_spike_ratio,resource_saturation,load_efficiency,anomaly_type,is_anomalous
i-0522,83.4,96.8,56.1,63.9,True,True,1.162,69.722,0.758,cpu_saturated,True
i-0738,22.5,40.1,90.4,29.1,True,False,1.78,56.47,1.238,memory_pressure,True
i-0741,27.0,41.6,96.7,24.1,False,False,1.54,61.864,0.861,memory_pressure,True
i-0661,29.9,44.6,97.0,21.7,False,False,1.495,63.415,0.703,memory_pressure,True
i-0412,87.7,96.5,54.6,62.2,False,True,1.1,71.18,0.701,cpu_saturated,True
i-0679,29.1,43.2,86.1,34.5,True,True,1.482,57.626,1.146,memory_pressure,True
i-0627,28.9,39.5,88.9,28.7,False,False,1.369,58.909,0.959,memory_pressure,True
i-0514,93.4,100.0,59.1,56.5,True,True,1.071,76.234,0.599,cpu_saturated,True
i-0860,71.9,78.9,62.5,12.2,True,False,1.098,67.194,0.167,traffic_cpu_mismatch,True
i-0137,43.0,60.6,49.8,57.4,False,False,1.407,46.4,1.303,normal,False
i-0812,85.9,95.7,38.9,20.3,True,True,1.114,62.412,0.234,traffic_cpu_mismatch,True
i-0077,39.5,64.3,43.2,49.8,True,True,1.627,41.382,1.229,normal,False
i-0637,30.5,38.3,86.2,36.1,True,True,1.255,58.343,1.147,memory_pressure,True
i-0974,12.6,17.3,30.9,85.9,True,False,1.376,21.745,6.339,traffic_cpu_mismatch,True
i-0939,10.6,18.5,42.8,85.0,True,True,1.743,26.723,7.33,traffic_cpu_mismatch,True
i-0900,2.6,7.2,41.6,86.4,True,True,2.763,22.092,24.036,traffic_cpu_mismatch,True
i-0281,8.7,12.0,44.0,10.9,True,True,1.392,26.313,1.131,over_provisioned,True
i-0884,17.0,22.9,35.5,90.5,True,False,1.348,26.253,5.032,traffic_cpu_mismatch,True
i-0762,82.0,95.5,37.8,17.1,True,False,1.165,59.863,0.206,traffic_cpu_mismatch,True
i-0320,4.0,7.3,46.7,11.3,False,False,1.825,25.35,2.252,over_provisioned,True
i-0550,88.3,95.8,58.3,64.2,False,True,1.085,73.281,0.72,cpu_saturated,True
i-0175,40.9,58.6,46.9,31.8,True,True,1.433,43.881,0.759,normal,False
i-0372,1.0,4.4,36.1,15.5,False,False,4.361,18.548,7.749,over_provisioned,True
i-0528,86.5,99.7,54.4,65.7,True,True,1.153,70.448,0.751,cpu_saturated,True
i-0211,40.3,61.3,50.7,44.6,True,False,1.521,45.521,1.079,normal,False
i-0236,34.8,57.7,59.7,48.9,True,False,1.656,47.278,1.365,normal,False
i-0102,37.0,64.3,56.1,42.7,True,False,1.736,46.563,1.123,normal,False
i-0987,1.0,10.8,36.2,85.2,False,True,10.798,18.609,42.6,traffic_cpu_mismatch,True
i-0903,1.0,4.7,39.7,82.1,False,True,4.679,20.364,41.044,traffic_cpu_mismatch,True
i-0948,1.0,2.2,27.3,82.5,False,True,2.212,14.172,41.237,traffic_cpu_mismatch,True
i-0347,1.8,5.6,37.3,10.1,True,False,3.033,19.588,3.549,over_provisioned,True
i-0140,37.7,59.8,53.9,52.6,False,False,1.588,45.79,1.36,normal,False
i-0622,21.6,36.3,91.7,24.9,False,False,1.683,56.643,1.105,memory_pressure,True
i-0500,87.3,99.3,57.8,64.3,False,True,1.138,72.549,0.728,cpu_saturated,True
i-0371,3.7,9.0,41.3,8.5,True,True,2.44,22.494,1.82,over_provisioned,True
i-0199,42.8,59.1,54.3,37.6,False,True,1.383,48.523,0.86,normal,False
i-0688,23.7,38.0,84.7,19.0,True,True,1.601,54.198,0.77,memory_pressure,True
i-0585,87.4,94.9,53.8,68.2,True,False,1.086,70.592,0.772,cpu_saturated,True
i-0902,6.7,9.4,30.9,72.4,True,False,1.42,18.769,9.461,traffic_cpu_mismatch,True
i-0060,34.9,51.8,50.5,40.3,False,False,1.483,42.722,1.121,normal,False
i-0329,11.4,18.2,36.9,8.4,True,True,1.593,24.187,0.678,over_provisioned,True
i-0097,34.5,50.3,45.4,45.3,True,True,1.456,39.987,1.276,normal,False
i-0313,6.5,15.1,37.1,10.6,True,True,2.341,21.788,1.42,over_provisioned,True
i-0975,2.4,3.4,27.9,78.3,True,False,1.421,15.128,23.214,traffic_cpu_mismatch,True
i-0300,6.4,10.8,38.7,17.3,False,True,1.694,22.514,2.348,over_provisioned,True
i-0278,4.9,13.4,44.6,10.2,False,True,2.747,24.767,1.727,over_provisioned,True
i-0925,6.3,10.6,36.5,84.0,True,False,1.698,21.367,11.573,traffic_cpu_mismatch,True
i-0602,29.0,40.7,83.3,29.3,False,False,1.405,56.118,0.977,memory_pressure,True
i-0440,85.9,95.4,59.1,60.2,False,True,1.111,72.504,0.692,cpu_saturated,True
i-0838,80.1,87.3,47.5,9.2,True,False,1.09,63.792,0.113,traffic_cpu_mismatch,True
i-0571,85.4,93.2,62.2,60.2,True,True,1.091,73.828,0.696,cpu_saturated,True
i-0880,1.0,2.6,36.0,85.6,True,True,2.64,18.513,42.811,traffic_cpu_mismatch,True
i-0262,6.2,14.6,39.0,22.4,True,True,2.348,22.599,3.097,over_provisioned,True
i-0579,97.4,100.0,50.3,52.6,True,False,1.027,73.867,0.535,cpu_saturated,True
i-0024,24.1,44.4,42.6,48.3,False,True,1.838,33.355,1.921,normal,False
i-0031,34.5,55.7,51.9,50.8,False,False,1.615,43.199,1.432,normal,False
i-0618,25.2,38.9,95.2,29.0,False,True,1.54,60.227,1.106,memory_pressure,True
i-0011,29.1,48.0,52.3,51.8,True,True,1.65,40.722,1.72,normal,False
i-0222,29.4,55.1,61.7,41.1,False,False,1.876,45.559,1.354,normal,False
i-0821,76.6,87.3,50.8,10.6,False,True,1.139,63.687,0.136,traffic_cpu_mismatch,True
i-0297,5.1,12.9,37.7,13.8,False,False,2.535,21.389,2.265,over_provisioned,True
i-0055,34.9,55.3,58.9,40.9,True,False,1.586,46.899,1.14,normal,False
i-0543,87.3,94.2,59.7,61.2,False,False,1.079,73.48,0.693,cpu_saturated,True
i-0210,44.7,66.7,54.2,51.0,False,True,1.492,49.427,1.116,normal,False
i-0605,30.5,49.0,94.5,26.8,True,True,1.606,62.522,0.85,memory_pressure,True
i-0693,23.2,36.4,87.9,24.5,True,False,1.571,55.544,1.012,memory_pressure,True
i-0663,27.7,41.9,91.4,27.2,False,False,1.512,59.521,0.95,memory_pressure,True
i-0867,81.6,92.3,46.5,18.8,True,False,1.131,64.066,0.227,traffic_cpu_mismatch,True
i-0071,25.8,52.2,58.3,41.7,False,True,2.025,42.007,1.559,normal,False
i-0544,76.5,84.3,55.9,71.4,True,False,1.103,66.196,0.922,cpu_saturated,True
i-0108,33.1,49.7,46.9,47.6,True,False,1.501,40.0,1.397,normal,False
i-0494,92.2,100.0,60.8,57.6,True,False,1.085,76.484,0.618,cpu_saturated,True
i-0591,84.8,94.9,53.5,67.9,False,False,1.119,69.143,0.791,cpu_saturated,True
i-0742,36.1,49.2,89.8,18.5,True,True,1.362,62.967,0.499,memory_pressure,True
i-0293,3.3,10.6,38.5,6.2,True,False,3.215,20.874,1.455,over_provisioned,True
i-0290,2.4,5.8,36.1,8.2,False,True,2.408,19.243,2.396,over_provisioned,True
i-0653,31.5,47.3,86.1,26.6,False,False,1.503,58.768,0.819,memory_pressure,True
i-0040,51.2,64.7,54.8,33.7,True,True,1.263,53.003,0.646,normal,False
i-0590,87.8,98.2,53.6,58.4,False,False,1.118,70.716,0.658,cpu_saturated,True
i-0308,7.5,14.8,39.6,11.0,False,True,1.958,23.589,1.292,over_provisioned,True
i-0680,31.3,43.9,96.0,25.5,True,True,1.403,63.666,0.789,memory_pressure,True
i-0067,35.2,56.9,60.2,51.7,False,False,1.618,47.665,1.43,normal,False
i-0276,5.6,7.0,39.3,11.4,True,True,1.263,22.428,1.738,over_provisioned,True
i-0068,41.1,61.7,65.3,39.3,True,True,1.502,53.217,0.934,normal,False
i-0319,11.4,19.1,44.6,15.0,True,True,1.666,28.004,1.202,over_provisioned,True
i-0549,87.0,98.1,55.5,62.2,True,True,1.128,71.202,0.707,cpu_saturated,True
i-0999,7.2,14.3,38.5,86.1,True,False,1.983,22.858,10.52,traffic_cpu_mismatch,True
i-0715,28.2,44.2,88.0,29.8,True,False,1.564,58.103,1.019,memory_pressure,True
i-0754,79.1,90.2,60.1,9.7,True,True,1.14,69.611,0.121,traffic_cpu_mismatch,True
i-0328,1.0,7.8,36.1,12.6,True,True,7.79,18.534,6.294,over_provisioned,True
i-0383,4.1,7.1,27.8,11.2,False,True,1.737,15.918,2.209,over_provisioned,True
i-0452,90.0,100.0,60.9,66.8,True,True,1.112,75.402,0.735,cpu_saturated,True
i-0523,86.7,91.4,61.8,63.1,True,False,1.054,74.274,0.719,cpu_saturated,True
i-0219,30.3,51.3,44.2,60.0,False,True,1.693,37.219,1.918,normal,False
i-0788,67.8,83.9,47.8,9.3,False,False,1.238,57.771,0.136,traffic_cpu_mismatch,True
i-0437,91.1,100.0,60.8,63.7,True,False,1.098,75.923,0.692,cpu_saturated,True
i-0765,70.9,83.6,42.5,18.2,True,True,1.179,56.705,0.253,traffic_cpu_mismatch,True
i-0089,30.5,46.7,61.8,51.2,False,False,1.532,46.142,1.626,normal,False
i-0064,41.0,60.4,49.9,38.0,True,False,1.474,45.435,0.904,normal,False
i-0827,85.3,88.8,46.0,14.9,False,True,1.041,65.613,0.173,traffic_cpu_mismatch,True
i-0717,29.8,44.3,93.5,35.2,True,False,1.486,61.655,1.145,memory_pressure,True
i-0352,6.1,10.4,40.5,10.5,False,True,1.71,23.281,1.487,over_provisioned,True
i-0937,8.7,12.2,28.9,74.8,True,False,1.398,18.831,7.676,traffic_cpu_mismatch,True
i-0257,1.0,2.1,46.2,7.6,False,True,2.067,23.612,3.794,over_provisioned,True
i-0636,30.2,45.4,87.0,30.1,False,False,1.503,58.598,0.966,memory_pressure,True
i-0645,29.1,45.8,92.1,32.5,False,True,1.573,60.634,1.079,memory_pressure,True
i-0555,85.5,94.2,50.4,63.6,True,False,1.101,67.98,0.735,cpu_saturated,True
i-0960,5.0,15.0,30.4,68.8,True,True,2.996,17.687,11.422,traffic_cpu_mismatch,True
i-0169,39.6,59.2,62.9,37.5,True,True,1.497,51.239,0.925,normal,False
i-0918,4.1,16.7,31.8,73.6,False,True,4.066,17.938,14.381,traffic_cpu_mismatch,True
i-0529,86.5,97.1,57.4,63.1,False,False,1.123,71.939,0.721,cpu_saturated,True
i-0824,74.9,90.4,42.6,19.0,True,True,1.206,58.77,0.25,traffic_cpu_mismatch,True
i-0986,4.7,16.0,34.6,74.3,True,True,3.379,19.656,12.981,traffic_cpu_mismatch,True
i-0817,80.7,93.0,39.8,25.7,True,True,1.152,60.223,0.314,traffic_cpu_mismatch,True
i-0087,39.0,60.1,71.6,52.8,True,False,1.54,55.294,1.32,normal,False
i-0433,76.8,84.4,50.5,58.7,True,False,1.1,63.643,0.755,cpu_saturated,True
i-0185,35.3,55.7,54.3,37.8,True,True,1.579,44.78,1.043,normal,False
i-0979,17.2,18.9,37.9,90.4,True,True,1.097,27.542,4.959,traffic_cpu_mismatch,True
i-0535,81.3,95.6,62.7,60.8,False,False,1.177,71.958,0.739,cpu_saturated,True
i-0295,6.9,10.2,35.4,16.1,False,False,1.477,21.182,2.03,over_provisioned,True
i-0893,16.2,20.9,25.9,69.5,True,True,1.294,21.061,4.046,traffic_cpu_mismatch,True
i-0426,91.3,100.0,61.4,55.2,False,False,1.095,76.359,0.598,cpu_saturated,True
i-0714,27.5,40.9,96.6,28.9,False,True,1.487,62.06,1.014,memory_pressure,True
i-0261,6.6,10.3,35.9,14.3,False,False,1.56,21.242,1.888,over_provisioned,True
i-0238,35.4,57.3,49.5,48.4,True,False,1.617,42.452,1.33,normal,False
i-0560,85.5,96.6,53.7,68.4,False,False,1.129,69.604,0.79,cpu_saturated,True
i-0584,80.7,92.6,64.9,65.5,True,True,1.147,72.801,0.801,cpu_saturated,True
i-0446,90.3,100.0,54.2,62.2,True,False,1.107,72.265,0.681,cpu_saturated,True
i-0868,87.2,93.7,49.5,17.7,True,True,1.074,68.37,0.201,traffic_cpu_mismatch,True
i-0801,79.0,87.5,52.9,15.8,True,True,1.108,65.964,0.197,traffic_cpu_mismatch,True
i-0600,80.1,91.2,68.4,56.9,False,True,1.139,74.26,0.702,cpu_saturated,True
i-0850,82.2,91.2,45.5,1.0,True,False,1.111,63.836,0.012,traffic_cpu_mismatch,True
i-0266,1.9,8.2,37.5,13.7,True,True,4.384,19.688,4.782,over_provisioned,True
i-0996,4.0,13.0,26.2,84.4,False,True,3.219,15.106,16.727,traffic_cpu_mismatch,True
i-0530,90.3,99.2,53.6,66.8,True,False,1.098,71.95,0.731,cpu_saturated,True
i-0056,33.5,57.3,55.8,50.7,True,False,1.712,44.627,1.47,normal,False
i-0121,32.6,51.3,40.1,39.6,False,False,1.574,36.374,1.177,normal,False
i-0216,36.6,61.3,50.9,42.0,False,False,1.678,43.722,1.118,normal,False
i-0026,23.7,44.4,51.8,50.5,True,True,1.869,37.783,2.039,normal,False
i-0073,35.0,55.2,46.8,49.4,False,True,1.576,40.943,1.37,normal,False
i-0045,47.4,68.8,41.2,51.4,False,False,1.452,44.266,1.063,normal,False
i-0248,30.3,54.0,45.8,57.8,True,False,1.78,38.039,1.845,normal,False
i-0722,28.1,43.3,84.2,31.0,False,True,1.54,56.128,1.064,memory_pressure,True
i-0282,1.0,7.8,40.9,10.9,True,False,7.768,20.974,5.437,over_provisioned,True
i-0894,15.3,20.6,34.3,68.7,False,True,1.35,24.804,4.221,traffic_cpu_mismatch,True
i-0915,1.0,11.1,31.3,79.9,True,False,11.112,16.155,39.962,traffic_cpu_mismatch,True
i-0811,80.7,91.9,50.1,15.6,True,False,1.138,65.429,0.191,traffic_cpu_mismatch,True
i-0245,34.9,56.9,50.8,38.2,False,False,1.631,42.865,1.064,normal,False
i-0823,78.4,87.5,50.9,10.5,True,True,1.116,64.638,0.132,traffic_cpu_mismatch,True
i-0322,2.6,7.5,36.3,9.2,False,True,2.93,19.418,2.598,over_provisioned,True
i-0644,29.2,41.3,80.1,34.0,False,False,1.415,54.607,1.126,memory_pressure,True
i-0159,39.1,63.0,55.7,48.6,False,False,1.61,47.439,1.21,normal,False
i-0978,1.0,11.3,33.9,73.6,True,True,11.304,17.46,36.779,traffic_cpu_mismatch,True
i-0430,86.8,98.1,63.6,69.2,True,True,1.13,75.194,0.789,cpu_saturated,True
i-0942,3.4,4.4,36.9,84.5,True,False,1.294,20.159,19.21,traffic_cpu_mismatch,True
i-0463,81.5,90.5,53.0,65.3,True,False,1.11,67.272,0.791,cpu_saturated,True
i-0310,2.9,7.7,39.3,12.8,True,False,2.686,21.093,3.307,over_provisioned,True
i-0698,29.6,47.7,91.7,33.0,False,True,1.613,60.649,1.078,memory_pressure,True
i-0061,29.2,48.1,52.9,41.1,False,True,1.646,41.056,1.358,normal,False
i-0885,4.3,10.0,24.3,81.1,True,True,2.327,14.283,15.284,traffic_cpu_mismatch,True
i-0596,82.9,92.1,65.1,49.6,False,False,1.112,73.977,0.591,cpu_saturated,True
i-0768,81.4,88.8,52.0,12.3,True,False,1.09,66.718,0.149,traffic_cpu_mismatch,True
i-0650,23.1,39.7,92.7,26.9,True,True,1.714,57.907,1.113,memory_pressure,True
i-0651,38.2,52.3,94.9,24.0,False,True,1.366,66.58,0.613,memory_pressure,True
i-0866,85.8,94.9,45.1,12.9,True,True,1.107,65.408,0.149,traffic_cpu_mismatch,True
i-0669,30.1,44.2,83.8,21.4,True,False,1.468,56.97,0.688,memory_pressure,True
i-0299,9.7,19.9,40.3,13.3,True,False,2.044,25.034,1.238,over_provisioned,True
i-0690,26.0,40.7,90.8,28.9,False,True,1.564,58.388,1.071,memory_pressure,True
i-0315,8.8,17.2,37.6,11.3,False,True,1.957,23.192,1.155,over_provisioned,True
i-0311,7.1,11.5,41.0,14.5,True,False,1.635,24.004,1.796,over_provisioned,True
i-0362,4.3,7.9,35.3,11.4,True,True,1.807,19.824,2.136,over_provisioned,True
i-0480,80.5,92.8,58.9,64.8,True,True,1.152,69.7,0.794,cpu_saturated,True
i-0111,52.1,72.6,50.8,50.1,False,False,1.392,51.443,0.943,normal,False
i-0990,14.2,15.2,35.0,85.8,True,True,1.071,24.6,5.652,traffic_cpu_mismatch,True
i-0487,87.7,100.0,63.4,55.4,True,True,1.141,75.539,0.625,cpu_saturated,True
i-0364,1.0,4.5,34.9,8.2,False,False,4.475,17.962,4.12,over_provisioned,True
i-0255,2.4,9.3,38.2,13.1,False,False,3.826,20.327,3.816,over_provisioned,True
i-0260,7.7,15.0,38.7,6.8,False,False,1.96,23.188,0.787,over_provisioned,True
i-0803,89.1,100.0,51.1,21.0,True,True,1.122,70.095,0.233,traffic_cpu_mismatch,True
i-0678,29.4,43.3,92.6,27.9,False,True,1.475,60.999,0.92,memory_pressure,True
i-0495,84.3,95.2,65.8,66.3,False,False,1.129,75.048,0.777,cpu_saturated,True
i-0671,27.1,40.8,96.0,36.5,False,True,1.507,61.535,1.3,memory_pressure,True
i-0378,3.2,11.1,39.3,13.2,True,False,3.48,21.247,3.153,over_provisioned,True
i-0527,89.4,100.0,57.1,65.3,True,True,1.118,73.275,0.723,cpu_saturated,True
i-0846,82.8,91.4,40.0,5.3,False,False,1.104,61.4,0.064,traffic_cpu_mismatch,True
i-0138,40.0,58.0,54.4,51.8,True,False,1.451,47.191,1.265,normal,False
i-0356,7.2,12.4,37.2,11.4,False,True,1.717,22.217,1.386,over_provisioned,True
i-0366,5.2,10.8,43.4,6.8,True,False,2.06,24.341,1.084,over_provisioned,True
i-0943,1.2,4.6,29.2,73.1,True,True,3.808,15.202,33.148,traffic_cpu_mismatch,True
i-0750,26.7,36.1,88.8,32.0,True,True,1.353,57.746,1.156,memory_pressure,True
i-0949,13.2,20.0,41.7,84.5,False,True,1.517,27.437,5.967,traffic_cpu_mismatch,True
i-0830,82.4,86.3,54.7,10.9,True,True,1.048,68.529,0.131,traffic_cpu_mismatch,True
i-0657,27.4,42.5,88.5,27.1,False,True,1.553,57.948,0.954,memory_pressure,True
i-0200,30.6,57.3,48.7,46.5,False,False,1.872,39.649,1.471,normal,False
i-0214,28.1,47.3,53.9,38.2,True,False,1.683,40.986,1.312,normal,False
i-0409,79.7,90.6,62.4,59.9,True,True,1.137,71.086,0.742,cpu_saturated,True
i-0333,1.0,6.2,37.9,11.2,True,True,6.217,19.434,5.584,over_provisioned,True
i-0209,17.5,45.5,40.3,33.5,False,False,2.601,28.889,1.809,normal,False
i-0614,20.1,32.1,90.6,27.6,False,False,1.596,55.373,1.308,memory_pressure,True
i-0079,45.5,65.8,61.4,35.3,False,False,1.445,53.458,0.76,normal,False
i-0030,40.8,67.4,48.3,39.7,True,True,1.654,44.518,0.951,normal,False
i-0536,91.7,98.9,53.9,59.0,True,True,1.079,72.778,0.636,cpu_saturated,True
i-0696,26.2,39.8,84.0,31.0,False,True,1.52,55.097,1.139,memory_pressure,True
i-0558,92.0,100.0,48.2,56.4,False,True,1.087,70.084,0.607,cpu_saturated,True
i-0837,80.5,92.4,46.3,17.7,True,True,1.148,63.391,0.218,traffic_cpu_mismatch,True
i-0597,92.4,100.0,52.0,56.6,True,False,1.082,72.175,0.606,cpu_saturated,True
i-0166,31.1,52.4,61.0,44.5,False,False,1.686,46.023,1.388,normal,False
i-0919,17.0,20.3,22.5,86.9,True,True,1.19,19.773,4.817,traffic_cpu_mismatch,True
i-0496,86.2,97.6,45.4,60.5,True,False,1.132,65.785,0.694,cpu_saturated,True
i-0825,83.3,90.3,46.0,18.7,False,True,1.085,64.611,0.222,traffic_cpu_mismatch,True
i-0066,39.8,58.4,51.6,45.1,True,False,1.467,45.7,1.104,normal,False
i-0142,27.4,51.1,49.7,49.8,False,False,1.863,38.578,1.75,normal,False
i-0926,10.1,13.5,26.8,81.9,True,True,1.338,18.446,7.376,traffic_cpu_mismatch,True
i-0828,84.5,98.5,44.7,19.6,True,False,1.165,64.617,0.229,traffic_cpu_mismatch,True
i-0656,26.8,42.7,93.1,29.3,False,True,1.591,59.964,1.054,memory_pressure,True
i-0332,7.8,13.3,41.8,13.1,False,True,1.698,24.823,1.489,over_provisioned,True
i-0665,40.4,55.1,97.4,27.2,False,False,1.363,68.901,0.658,memory_pressure,True
i-0250,35.2,52.6,53.2,40.3,False,False,1.493,44.222,1.111,normal,False
i-0908,9.0,13.2,24.7,75.3,True,False,1.463,16.875,7.49,traffic_cpu_mismatch,True
i-0709,32.8,48.0,85.1,28.9,False,False,1.462,58.952,0.854,memory_pressure,True
i-0306,7.3,11.4,41.5,6.6,False,True,1.551,24.416,0.793,over_provisioned,True
i-0735,26.2,35.2,89.1,26.5,True,False,1.343,57.621,0.974,memory_pressure,True
i-0976,11.1,14.3,31.7,89.1,True,False,1.284,21.393,7.347,traffic_cpu_mismatch,True
i-0050,36.4,54.3,50.5,42.3,False,False,1.492,43.441,1.131,normal,False
i-0897,6.3,13.0,28.1,81.7,True,False,2.062,17.183,11.176,traffic_cpu_mismatch,True
i-0003,36.7,50.0,37.9,41.1,False,True,1.363,37.31,1.089,normal,False
i-0545,88.4,94.6,63.4,59.6,False,False,1.069,75.922,0.667,cpu_saturated,True
i-0351,6.0,12.0,42.3,12.4,True,False,1.987,24.179,1.767,over_provisioned,True
i-0905,20.1,23.1,41.7,84.3,True,False,1.146,30.927,3.993,traffic_cpu_mismatch,True
i-0537,92.1,100.0,59.8,59.1,True,True,1.086,75.939,0.635,cpu_saturated,True
i-0345,4.6,10.5,31.7,7.5,False,True,2.29,18.144,1.345,over_provisioned,True
i-0995,14.3,18.8,29.8,72.0,True,False,1.307,22.076,4.691,traffic_cpu_mismatch,True
i-0482,88.8,100.0,54.5,64.9,True,False,1.127,71.639,0.723,cpu_saturated,True
i-0576,81.0,89.1,50.7,59.5,False,False,1.1,65.827,0.726,cpu_saturated,True
i-0034,38.3,58.1,44.1,34.4,False,True,1.515,41.193,0.875,normal,False
i-0032,33.1,62.7,54.4,39.0,True,True,1.891,43.764,1.142,normal,False
i-0232,37.7,66.4,50.0,50.9,False,False,1.762,43.839,1.314,normal,False
i-0964,4.1,13.8,24.5,75.2,False,True,3.402,14.307,14.851,traffic_cpu_mismatch,True
i-0193,35.5,51.0,57.0,41.5,False,True,1.436,46.256,1.137,normal,False
i-0334,2.8,8.0,38.6,7.9,True,False,2.849,20.722,2.073,over_provisioned,True
i-0004,28.6,43.7,60.3,43.4,True,False,1.526,44.452,1.465,normal,False
i-0205,39.2,61.6,47.9,54.6,False,True,1.573,43.549,1.36,normal,False
i-0515,83.0,91.6,55.3,66.2,False,False,1.104,69.11,0.788,cpu_saturated,True
i-0800,70.4,78.1,40.7,14.6,False,False,1.11,55.555,0.205,traffic_cpu_mismatch,True
i-0307,1.0,4.6,40.1,12.7,False,False,4.644,20.528,6.359,over_provisioned,True
i-0110,22.5,47.8,54.6,44.6,True,False,2.119,38.565,1.894,normal,False
i-0431,83.9,94.6,53.2,57.2,True,False,1.127,68.557,0.674,cpu_saturated,True
i-0078,42.4,56.3,41.7,30.7,False,True,1.326,42.063,0.708,normal,False
i-0085,34.2,53.4,54.3,50.3,True,True,1.562,44.256,1.428,normal,False
i-0287,1.7,6.9,33.7,1.0,True,False,4.061,17.701,0.372,over_provisioned,True
i-0083,31.3,48.5,49.3,37.8,True,True,1.551,40.269,1.169,normal,False
i-0992,13.7,18.8,30.9,81.3,True,False,1.368,22.318,5.529,traffic_cpu_mismatch,True
i-0790,82.9,94.6,49.1,18.9,True,False,1.142,65.982,0.226,traffic_cpu_mismatch,True
i-0895,8.7,13.3,35.4,91.8,True,True,1.523,22.055,9.445,traffic_cpu_mismatch,True
i-0399,7.9,10.3,34.2,13.9,False,False,1.306,21.027,1.564,over_provisioned,True
i-0324,3.8,7.3,39.3,17.4,False,True,1.929,21.52,3.645,over_provisioned,True
i-0520,85.8,93.6,53.3,58.7,True,False,1.09,69.581,0.675,cpu_saturated,True
i-0917,9.4,15.0,25.8,82.3,True,True,1.596,17.611,7.91,traffic_cpu_mismatch,True
i-0923,2.8,5.9,28.6,85.2,True,False,2.062,15.701,22.158,traffic_cpu_mismatch,True
i-0006,30.8,49.8,45.8,58.0,True,False,1.616,38.292,1.823,normal,False
i-0732,32.8,46.2,94.7,29.4,False,True,1.409,63.78,0.869,memory_pressure,True
i-0466,87.4,100.0,59.9,63.9,False,False,1.144,73.632,0.723,cpu_saturated,True
i-0098,42.0,60.0,55.8,37.1,False,False,1.428,48.947,0.862,normal,False
i-0267,7.9,12.1,44.9,10.4,False,True,1.539,26.399,1.17,over_provisioned,True
i-0358,9.5,16.4,34.9,13.6,True,True,1.726,22.202,1.298,over_provisioned,True
i-0869,79.2,86.9,54.1,10.1,True,True,1.098,66.647,0.126,traffic_cpu_mismatch,True
i-0799,73.9,84.5,49.3,18.1,True,False,1.144,61.585,0.242,traffic_cpu_mismatch,True
i-0381,1.4,7.7,36.7,14.4,True,True,5.491,19.042,6.012,over_provisioned,True
i-0632,26.4,39.8,93.5,25.3,False,False,1.511,59.923,0.925,memory_pressure,True
i-0382,5.2,8.2,41.0,9.9,True,True,1.58,23.063,1.614,over_provisioned,True
i-0491,87.8,92.6,61.1,66.4,False,True,1.054,74.483,0.748,cpu_saturated,True
i-0119,31.0,49.1,49.8,41.2,False,True,1.584,40.378,1.288,normal,False
i-0901,7.5,10.9,19.4,94.3,False,False,1.464,13.416,11.141,traffic_cpu_mismatch,True
i-0251,3.5,8.9,32.6,8.1,True,False,2.517,18.075,1.788,over_provisioned,True
i-0524,75.6,89.9,56.6,63.4,True,True,1.189,66.071,0.828,cpu_saturated,True
i-0010,30.3,52.4,57.2,51.5,False,True,1.732,43.739,1.648,normal,False
i-0197,40.1,59.8,50.6,31.0,True,True,1.491,45.339,0.754,normal,False
i-0604,35.9,51.4,98.0,21.3,False,True,1.429,66.974,0.576,memory_pressure,True
i-0082,34.6,57.9,43.1,48.5,True,True,1.675,38.831,1.365,normal,False
i-0784,80.5,85.5,48.4,18.3,True,False,1.062,64.465,0.224,traffic_cpu_mismatch,True
i-0588,77.7,90.3,57.1,65.9,True,False,1.163,67.396,0.837,cpu_saturated,True
i-0798,78.7,90.8,53.0,12.4,False,True,1.154,65.861,0.155,traffic_cpu_mismatch,True
i-0240,33.5,58.7,51.0,42.6,False,True,1.753,42.273,1.236,normal,False
i-0291,6.3,10.8,36.8,5.7,False,False,1.714,21.563,0.788,over_provisioned,True
i-0212,29.7,48.7,38.1,44.3,True,True,1.64,33.936,1.442,normal,False
i-0718,34.8,52.9,100.0,22.4,True,False,1.52,67.406,0.625,memory_pressure,True
i-0360,7.9,13.9,35.4,13.7,False,False,1.764,21.667,1.542,over_provisioned,True
i-0450,86.1,91.3,57.9,58.6,False,True,1.06,72.029,0.672,cpu_saturated,True
i-0228,34.2,51.1,44.9,53.7,False,False,1.492,39.536,1.523,normal,False
i-0951,14.9,19.4,32.5,86.6,False,False,1.301,23.707,5.431,traffic_cpu_mismatch,True
i-0947,1.0,8.1,29.5,86.7,False,True,8.097,15.271,43.35,traffic_cpu_mismatch,True
i-0797,82.6,91.2,35.3,1.0,True,False,1.104,58.964,0.012,traffic_cpu_mismatch,True
i-0502,85.1,91.2,55.5,60.6,True,True,1.072,70.33,0.703,cpu_saturated,True
i-0465,99.1,100.0,65.3,67.0,True,True,1.009,82.212,0.669,cpu_saturated,True
i-0363,1.0,6.4,38.0,8.7,False,False,6.427,19.502,4.366,over_provisioned,True
i-0469,90.2,94.6,55.0,63.1,True,False,1.049,72.604,0.691,cpu_saturated,True
i-0936,7.6,9.4,30.9,84.4,False,False,1.231,19.296,9.765,traffic_cpu_mismatch,True
i-0429,83.3,89.1,52.4,68.2,True,True,1.069,67.869,0.809,cpu_saturated,True
i-0008,40.2,60.8,49.2,42.9,True,True,1.513,44.68,1.042,normal,False
i-0156,33.8,51.0,40.3,39.9,False,False,1.51,37.053,1.147,normal,False
i-0542,93.6,100.0,58.4,60.9,True,True,1.069,75.971,0.644,cpu_saturated,True
i-0441,83.8,89.8,66.7,68.9,False,True,1.071,75.282,0.812,cpu_saturated,True
i-0483,81.0,86.1,59.7,54.2,True,False,1.063,70.353,0.661,cpu_saturated,True
i-0423,78.4,87.5,62.5,64.9,True,False,1.116,70.431,0.817,cpu_saturated,True
i-0779,89.3,96.1,41.4,20.2,False,True,1.076,65.373,0.224,traffic_cpu_mismatch,True
i-0950,3.4,11.1,41.4,84.7,True,True,3.295,22.406,19.395,traffic_cpu_mismatch,True
i-0335,8.9,14.7,35.4,19.1,False,True,1.659,22.146,1.934,over_provisioned,True
i-0577,90.9,100.0,52.5,60.3,False,True,1.1,71.687,0.657,cpu_saturated,True
i-0935,21.3,28.8,39.0,79.0,True,True,1.351,30.125,3.543,traffic_cpu_mismatch,True
i-0568,85.6,95.5,49.3,69.5,False,False,1.116,67.449,0.803,cpu_saturated,True
i-0595,75.2,87.4,50.2,69.5,True,True,1.162,62.715,0.912,cpu_saturated,True
i-0531,90.4,100.0,55.0,60.9,True,True,1.106,72.68,0.666,cpu_saturated,True
i-0582,90.5,100.0,63.9,56.1,False,False,1.105,77.21,0.613,cpu_saturated,True
i-0708,26.3,36.2,89.7,26.3,True,True,1.38,57.977,0.965,memory_pressure,True
i-0449,96.0,100.0,55.3,66.3,True,True,1.042,75.607,0.684,cpu_saturated,True
i-0454,88.4,99.8,60.7,60.7,False,True,1.129,74.577,0.679,cpu_saturated,True
i-0229,27.4,46.2,58.5,46.0,False,False,1.691,42.923,1.622,normal,False
i-0353,6.5,11.4,42.5,11.8,False,True,1.759,24.506,1.571,over_provisioned,True
i-0729,29.0,44.9,82.9,29.5,True,False,1.548,55.972,0.982,memory_pressure,True
i-0213,36.3,61.1,56.4,34.0,False,True,1.686,46.344,0.913,normal,False
i-0080,23.1,42.9,52.7,44.8,False,True,1.858,37.882,1.86,normal,False
i-0149,34.8,55.6,60.9,38.0,True,False,1.599,47.805,1.063,normal,False
i-0303,3.4,6.6,44.5,10.7,False,False,1.919,23.947,2.416,over_provisioned,True
i-0629,24.4,35.2,95.9,17.5,True,True,1.442,60.152,0.687,memory_pressure,True
i-0778,75.2,88.6,46.9,12.0,True,True,1.178,61.081,0.157,traffic_cpu_mismatch,True
i-0507,86.9,100.0,59.7,57.0,True,False,1.15,73.334,0.648,cpu_saturated,True
i-0343,4.0,12.2,40.2,10.8,True,False,3.068,22.104,2.179,over_provisioned,True
i-0486,89.8,100.0,52.9,60.8,True,True,1.114,71.35,0.669,cpu_saturated,True
i-0712,25.9,42.2,93.7,30.1,True,True,1.628,59.814,1.119,memory_pressure,True
i-0134,36.3,53.7,45.7,35.2,True,True,1.478,41.013,0.942,normal,False
i-0704,25.2,38.9,99.3,23.3,False,False,1.542,62.282,0.888,memory_pressure,True
i-0312,1.3,8.4,35.9,15.2,False,True,6.7,18.557,6.745,over_provisioned,True
i-0723,25.6,41.1,91.1,21.0,False,True,1.61,58.336,0.79,memory_pressure,True
i-0630,33.8,51.2,89.5,15.0,False,True,1.517,61.629,0.431,memory_pressure,True
i-0001,38.5,58.0,54.5,55.7,True,True,1.507,46.505,1.41,normal,False
i-0317,8.9,14.9,38.8,16.0,False,True,1.674,23.83,1.616,over_provisioned,True
i-0707,27.6,42.9,95.7,27.7,False,False,1.558,61.655,0.97,memory_pressure,True
i-0548,83.9,96.8,48.7,60.1,False,True,1.153,66.297,0.707,cpu_saturated,True
i-0873,79.1,86.7,41.9,5.9,True,True,1.095,60.512,0.074,traffic_cpu_mismatch,True
i-0533,87.6,94.8,58.4,47.0,True,False,1.081,73.023,0.531,cpu_saturated,True
i-0478,84.1,90.6,58.1,66.5,True,True,1.077,71.113,0.781,cpu_saturated,True
i-0405,79.9,91.8,58.1,57.2,True,True,1.148,69.008,0.707,cpu_saturated,True
i-0173,36.4,58.9,49.4,55.1,True,True,1.618,42.874,1.474,normal,False
i-0126,31.3,55.0,45.1,35.1,False,True,1.755,38.205,1.087,normal,False
i-0395,4.2,8.5,37.3,17.5,False,True,2.011,20.759,3.338,over_provisioned,True
i-0421,88.2,100.0,60.3,70.4,False,False,1.134,74.243,0.789,cpu_saturated,True
i-0553,79.1,87.4,56.6,58.1,True,False,1.104,67.849,0.725,cpu_saturated,True
i-0904,11.4,18.0,36.3,96.4,True,True,1.581,23.84,7.78,traffic_cpu_mismatch,True
i-0091,28.9,44.0,56.5,58.4,True,False,1.525,42.677,1.954,normal,False
i-0940,8.8,20.1,23.6,89.2,False,False,2.266,16.23,9.06,traffic_cpu_mismatch,True
i-0182,44.2,64.9,64.5,40.2,False,False,1.468,54.374,0.888,normal,False
i-0275,3.5,10.7,45.5,18.2,True,True,3.044,24.525,4.028,over_provisioned,True
i-0896,8.2,20.3,19.4,86.1,True,True,2.493,13.78,9.404,traffic_cpu_mismatch,True
i-0070,37.4,64.0,56.7,41.0,False,True,1.71,47.023,1.067,normal,False
i-0292,8.5,13.4,37.3,24.8,True,False,1.568,22.905,2.599,over_provisioned,True
i-0132,36.8,60.2,61.7,52.1,True,False,1.637,49.225,1.379,normal,False
i-0301,10.3,15.0,29.5,9.6,True,False,1.464,19.891,0.849,over_provisioned,True
i-0425,75.2,88.0,55.6,57.7,True,False,1.169,65.42,0.757,cpu_saturated,True
i-0327,2.2,4.1,30.8,5.7,False,False,1.911,16.477,1.789,over_provisioned,True
i-0145,45.1,65.8,57.2,34.6,False,False,1.458,51.176,0.75,normal,False
i-0424,86.0,94.4,61.5,64.1,True,False,1.097,73.765,0.737,cpu_saturated,True
i-0581,81.2,89.5,54.1,66.2,False,True,1.102,67.688,0.804,cpu_saturated,True
i-0136,29.0,51.4,46.0,45.9,False,False,1.774,37.481,1.529,normal,False
i-0451,83.5,97.1,51.7,66.1,True,True,1.163,67.626,0.782,cpu_saturated,True
i-0165,35.9,53.5,58.4,34.3,True,False,1.488,47.148,0.93,normal,False
i-0029,28.2,50.9,58.1,39.3,False,False,1.808,43.144,1.345,normal,False
i-0774,73.1,82.5,53.2,4.8,True,True,1.128,63.168,0.065,traffic_cpu_mismatch,True
i-0194,45.5,68.5,47.6,42.6,True,False,1.505,46.532,0.915,normal,False
i-0389,1.0,4.3,37.6,5.4,False,True,4.343,19.293,2.714,over_provisioned,True
i-0853,85.1,96.6,46.0,16.5,True,False,1.135,65.561,0.191,traffic_cpu_mismatch,True
i-0170,34.7,55.5,48.3,47.5,True,True,1.601,41.496,1.33,normal,False
i-0706,33.0,44.9,83.5,27.5,False,False,1.36,58.276,0.809,memory_pressure,True
i-0141,34.5,48.7,53.0,46.5,True,False,1.411,43.758,1.308,normal,False
i-0174,30.3,56.6,49.7,35.0,True,False,1.869,39.992,1.119,normal,False
i-0007,40.8,56.5,51.5,31.3,False,True,1.386,46.11,0.749,normal,False
i-0746,32.5,46.5,94.1,36.2,False,False,1.432,63.275,1.082,memory_pressure,True
i-0479,81.5,95.3,60.6,67.2,False,True,1.169,71.008,0.814,cpu_saturated,True
i-0074,35.8,57.6,55.0,37.1,False,True,1.608,45.412,1.008,normal,False
i-0911,1.0,5.3,35.7,72.7,False,False,5.341,18.329,36.334,traffic_cpu_mismatch,True
i-0814,79.1,92.3,49.0,26.5,False,False,1.167,64.026,0.33,traffic_cpu_mismatch,True
i-0239,28.4,47.9,41.5,49.2,False,False,1.686,34.978,1.672,normal,False
i-0146,35.6,59.3,46.4,54.9,False,False,1.667,40.977,1.5,normal,False
i-0793,81.2,93.8,45.3,11.7,False,False,1.154,63.279,0.142,traffic_cpu_mismatch,True
i-0235,35.2,55.2,57.6,48.3,True,False,1.567,46.399,1.335,normal,False
i-0221,41.7,69.5,46.1,35.4,False,False,1.664,43.922,0.828,normal,False
i-0924,13.2,17.0,37.4,82.7,False,True,1.286,25.326,5.825,traffic_cpu_mismatch,True
i-0501,83.4,92.9,57.0,58.3,True,True,1.114,70.194,0.69,cpu_saturated,True
i-0133,22.1,37.6,45.6,45.2,True,False,1.702,33.87,1.955,normal,False
i-0991,2.5,5.5,36.5,78.3,True,True,2.195,19.522,22.221,traffic_cpu_mismatch,True
i-0775,76.1,83.7,43.5,5.8,False,True,1.1,59.775,0.075,traffic_cpu_mismatch,True
i-0186,33.2,47.4,52.8,49.5,False,False,1.427,42.996,1.448,normal,False
i-0042,29.9,50.6,50.3,40.4,False,False,1.695,40.103,1.309,normal,False
i-0697,25.7,37.8,91.0,26.9,True,True,1.467,58.353,1.007,memory_pressure,True
i-0109,41.1,65.8,52.9,58.1,True,True,1.602,46.991,1.381,normal,False
i-0589,87.1,92.5,61.0,63.5,False,False,1.061,74.081,0.72,cpu_saturated,True
i-0057,44.1,64.2,54.8,42.8,True,True,1.455,49.456,0.949,normal,False
i-0406,84.0,95.7,58.5,64.9,True,False,1.14,71.247,0.764,cpu_saturated,True
i-0443,82.1,90.4,53.4,57.8,True,False,1.101,67.75,0.696,cpu_saturated,True
i-0758,82.7,90.8,49.0,1.0,True,True,1.098,65.814,0.012,traffic_cpu_mismatch,True
i-0998,1.0,5.9,28.3,86.5,False,False,5.921,14.626,43.241,traffic_cpu_mismatch,True
i-0025,29.5,48.4,55.7,36.4,False,False,1.639,42.606,1.192,normal,False
i-0468,82.0,91.8,64.2,59.7,False,True,1.12,73.093,0.719,cpu_saturated,True
i-0540,87.3,100.0,61.7,63.4,True,True,1.145,74.491,0.718,cpu_saturated,True
i-0532,91.0,99.8,61.2,61.0,True,True,1.097,76.093,0.664,cpu_saturated,True
i-0619,25.0,38.8,93.1,30.1,False,True,1.553,59.046,1.159,memory_pressure,True
i-0695,25.4,40.6,97.5,22.5,True,False,1.6,61.429,0.852,memory_pressure,True
i-0927,5.9,7.5,33.6,69.6,True,True,1.273,19.767,10.087,traffic_cpu_mismatch,True
i-0339,3.8,10.3,43.2,17.6,True,True,2.741,23.505,3.688,over_provisioned,True
i-0052,37.0,54.8,48.5,41.5,False,True,1.482,42.755,1.094,normal,False
i-0508,85.6,93.5,62.6,59.3,True,True,1.092,74.087,0.684,cpu_saturated,True
i-0517,91.9,100.0,55.3,64.4,False,True,1.088,73.621,0.693,cpu_saturated,True
i-0921,5.4,10.3,32.9,82.6,False,False,1.925,19.128,12.99,traffic_cpu_mismatch,True
i-0782,87.6,98.2,57.7,20.2,True,True,1.121,72.669,0.227,traffic_cpu_mismatch,True
i-0265,1.0,6.9,42.8,9.6,False,True,6.889,21.893,4.78,over_provisioned,True
i-0818,84.2,96.0,45.4,13.7,True,False,1.14,64.809,0.16,traffic_cpu_mismatch,True
i-0711,26.3,38.3,92.9,34.2,False,True,1.46,59.574,1.253,memory_pressure,True
i-0683,30.3,42.9,92.6,23.6,True,True,1.416,61.452,0.753,memory_pressure,True
i-0833,78.0,85.8,52.6,16.6,True,True,1.1,65.287,0.21,traffic_cpu_mismatch,True
i-0519,88.7,100.0,54.8,64.3,True,True,1.128,71.744,0.717,cpu_saturated,True
i-0448,84.8,98.5,51.3,65.5,False,True,1.161,68.076,0.763,cpu_saturated,True
i-0019,32.6,49.8,48.9,47.8,False,False,1.527,40.736,1.423,normal,False
i-0716,38.1,55.3,89.0,22.5,False,False,1.452,63.545,0.576,memory_pressure,True
i-0484,89.4,98.6,56.4,65.7,False,False,1.103,72.874,0.726,cpu_saturated,True
i-0569,90.8,98.2,60.4,60.7,True,False,1.082,75.563,0.661,cpu_saturated,True
i-0434,81.4,88.9,59.0,62.3,False,True,1.092,70.214,0.757,cpu_saturated,True
i-0368,8.2,11.3,39.9,14.0,False,True,1.371,24.067,1.519,over_provisioned,True
i-0084,48.8,68.9,45.1,46.5,False,False,1.413,46.927,0.935,normal,False
i-0062,36.7,54.9,46.7,46.6,True,False,1.496,41.709,1.236,normal,False
i-0639,35.5,54.1,90.5,21.8,False,False,1.525,62.985,0.598,memory_pressure,True
i-0273,4.7,9.4,44.1,14.5,False,False,2.019,24.362,2.562,over_provisioned,True
i-0286,1.0,6.1,39.7,14.8,True,False,6.123,20.358,7.386,over_provisioned,True
i-0361,9.8,16.2,39.4,16.3,True,True,1.658,24.581,1.514,over_provisioned,True
i-0355,9.2,14.7,37.8,13.1,False,False,1.59,23.502,1.285,over_provisioned,True
i-0457,96.3,100.0,60.4,57.4,True,False,1.039,78.325,0.59,cpu_saturated,True
i-0279,1.0,6.6,41.1,16.9,False,True,6.568,21.035,8.427,over_provisioned,True
i-0013,37.5,55.3,52.5,55.8,False,False,1.473,45.031,1.447,normal,False
i-0183,30.4,48.7,47.8,48.0,False,True,1.601,39.099,1.526,normal,False
i-0369,6.6,10.6,37.9,4.9,True,True,1.606,22.234,0.65,over_provisioned,True
i-0882,8.6,11.1,28.9,90.0,True,False,1.294,18.749,9.363,traffic_cpu_mismatch,True
i-0616,29.0,42.7,93.2,15.3,False,False,1.475,61.079,0.512,memory_pressure,True
i-0224,30.9,47.4,45.5,36.4,True,False,1.532,38.192,1.141,normal,False
i-0573,92.6,100.0,55.0,64.3,True,True,1.079,73.805,0.686,cpu_saturated,True
i-0971,1.9,6.9,22.8,88.9,False,True,3.654,12.351,30.754,traffic_cpu_mismatch,True
i-0654,21.1,36.0,81.1,28.2,False,False,1.704,51.122,1.276,memory_pressure,True
i-0546,79.6,86.1,55.1,67.2,True,True,1.082,67.323,0.834,cpu_saturated,True
i-0583,89.7,100.0,49.7,59.4,False,True,1.115,69.697,0.655,cpu_saturated,True
i-0634,28.2,42.4,88.5,21.1,False,False,1.501,58.359,0.723,memory_pressure,True
i-0177,28.2,48.1,50.0,36.9,False,False,1.703,39.103,1.262,normal,False
i-0666,34.1,50.7,95.4,26.4,False,True,1.488,64.726,0.753,memory_pressure,True
i-0674,32.0,45.7,88.7,27.2,True,True,1.428,60.338,0.825,memory_pressure,True
i-0586,83.9,88.8,52.6,71.6,True,True,1.059,68.278,0.843,cpu_saturated,True
i-0874,83.1,93.0,46.9,10.9,True,False,1.119,65.014,0.129,traffic_cpu_mismatch,True
i-0394,1.7,10.8,31.6,12.7,False,False,6.531,16.614,4.79,over_provisioned,True
i-0164,39.3,59.9,46.9,46.4,True,False,1.526,43.065,1.152,normal,False
i-0249,50.1,68.0,55.2,47.1,False,False,1.357,52.648,0.922,normal,False
i-0635,30.5,43.2,97.1,23.6,False,False,1.415,63.803,0.75,memory_pressure,True
i-0886,13.6,14.6,41.2,88.7,False,True,1.074,27.393,6.086,traffic_cpu_mismatch,True
i-0670,33.1,46.7,100.0,39.5,True,False,1.411,66.532,1.161,memory_pressure,True
i-0376,7.5,14.9,37.4,10.2,False,True,1.993,22.453,1.205,over_provisioned,True
i-0413,80.6,87.8,61.4,56.3,False,False,1.09,70.98,0.69,cpu_saturated,True
i-0075,37.3,54.7,60.9,45.8,False,False,1.466,49.092,1.195,normal,False
i-0114,33.9,52.4,42.9,33.4,False,False,1.546,38.405,0.958,normal,False
i-0599,91.5,100.0,60.7,63.8,True,False,1.093,76.082,0.69,cpu_saturated,True
i-0962,1.0,3.3,21.2,80.4,False,True,3.285,11.079,40.175,traffic_cpu_mismatch,True
i-0391,10.1,16.2,33.6,13.0,False,False,1.604,21.84,1.167,over_provisioned,True
i-0105,24.6,48.7,52.4,42.1,False,False,1.974,38.51,1.641,normal,False
i-0115,26.0,41.4,47.6,56.7,True,False,1.596,36.81,2.102,normal,False
i-0418,96.0,100.0,61.0,61.1,False,False,1.042,78.506,0.63,cpu_saturated,True
i-0526,83.7,96.9,55.3,63.8,False,True,1.157,69.537,0.753,cpu_saturated,True
i-0458,83.9,93.2,62.9,66.6,True,True,1.11,73.396,0.784,cpu_saturated,True
i-0410,73.0,83.5,60.2,64.0,True,False,1.144,66.581,0.865,cpu_saturated,True
i-0093,35.3,52.4,51.9,44.6,True,True,1.484,43.616,1.229,normal,False
i-0931,8.3,12.0,30.8,84.2,True,False,1.44,19.554,9.043,traffic_cpu_mismatch,True
i-0090,35.5,52.5,60.7,48.8,False,True,1.478,48.102,1.335,normal,False
i-0337,4.5,11.1,41.2,5.0,True,False,2.484,22.818,0.916,over_provisioned,True
i-0989,5.6,10.2,32.8,86.4,False,False,1.811,19.225,13.013,traffic_cpu_mismatch,True
i-0922,9.4,15.7,22.5,82.3,False,False,1.68,15.931,7.947,traffic_cpu_mismatch,True
i-0934,1.9,9.7,30.0,78.9,False,False,5.048,15.968,27.021,traffic_cpu_mismatch,True
i-0606,22.9,39.9,86.2,36.1,False,True,1.747,54.522,1.514,memory_pressure,True
i-0594,91.9,100.0,58.4,64.8,True,True,1.089,75.124,0.698,cpu_saturated,True
i-0612,30.5,42.7,100.0,34.0,False,False,1.399,65.265,1.077,memory_pressure,True
i-0095,23.3,45.2,45.4,49.0,True,False,1.939,34.338,2.015,normal,False
i-0012,27.3,43.1,55.7,54.5,False,False,1.58,41.472,1.929,normal,False
i-0397,1.0,6.9,46.1,6.5,True,False,6.924,23.549,3.274,over_provisioned,True
i-0534,92.0,100.0,60.3,69.6,False,False,1.087,76.182,0.748,cpu_saturated,True
i-0044,38.5,61.6,41.6,42.7,True,True,1.598,40.066,1.079,normal,False
i-0043,20.8,41.5,45.4,51.0,False,True,1.992,33.096,2.335,normal,False
i-0330,4.2,7.2,37.5,12.3,True,True,1.728,20.815,2.387,over_provisioned,True
i-0168,36.7,54.7,41.0,51.1,False,True,1.491,38.872,1.355,normal,False
i-0498,85.6,94.5,59.0,58.2,False,False,1.104,72.303,0.672,cpu_saturated,True
i-0877,13.0,22.1,26.9,84.9,True,False,1.704,19.924,6.077,traffic_cpu_mismatch,True
i-0598,80.2,93.1,59.7,57.3,True,False,1.16,69.963,0.706,cpu_saturated,True
i-0757,83.5,90.2,40.1,8.2,True,False,1.081,61.774,0.097,traffic_cpu_mismatch,True
i-0101,37.4,55.9,46.6,42.0,True,False,1.497,41.975,1.094,normal,False
i-0427,84.2,94.5,49.1,64.0,True,True,1.123,66.636,0.752,cpu_saturated,True
i-0179,28.0,47.0,62.6,49.5,False,True,1.679,45.286,1.707,normal,False
i-0445,88.5,99.7,58.4,65.7,True,False,1.126,73.439,0.734,cpu_saturated,True
i-0417,89.3,95.5,63.3,57.0,False,True,1.07,76.256,0.632,cpu_saturated,True
i-0871,78.6,90.1,30.3,29.3,True,False,1.145,54.44,0.368,traffic_cpu_mismatch,True
i-0883,1.0,6.6,38.4,79.7,True,False,6.634,19.688,39.873,traffic_cpu_mismatch,True
i-0681,24.1,36.2,82.1,30.4,False,True,1.502,53.117,1.21,memory_pressure,True
i-0178,33.5,53.5,51.5,30.7,True,True,1.601,42.456,0.891,normal,False
i-0396,1.0,5.5,36.3,14.4,False,True,5.467,18.642,7.177,over_provisioned,True
i-0912,7.2,15.4,34.0,90.9,True,True,2.119,20.627,11.017,traffic_cpu_mismatch,True
i-0794,78.0,87.8,39.6,1.0,False,False,1.126,58.82,0.013,traffic_cpu_mismatch,True
i-0961,10.7,16.8,33.0,89.0,False,True,1.573,21.844,7.616,traffic_cpu_mismatch,True
i-0685,28.0,41.2,90.2,29.1,True,True,1.47,59.109,1.001,memory_pressure,True
i-0384,4.9,9.4,38.1,14.2,False,True,1.909,21.506,2.396,over_provisioned,True
i-0957,9.9,10.9,28.8,80.5,True,True,1.101,19.31,7.414,traffic_cpu_mismatch,True
i-0752,80.9,92.4,45.9,15.8,True,False,1.142,63.446,0.193,traffic_cpu_mismatch,True
i-0258,4.1,8.6,39.2,15.3,True,False,2.081,21.672,2.984,over_provisioned,True
i-0539,90.6,100.0,64.3,57.8,False,False,1.104,77.438,0.631,cpu_saturated,True
i-0336,9.0,12.7,43.6,11.0,False,False,1.406,26.286,1.1,over_provisioned,True
i-0016,29.3,47.6,56.4,47.3,False,True,1.622,42.874,1.559,normal,False
i-0325,4.4,10.7,38.9,9.0,True,True,2.455,21.606,1.678,over_provisioned,True
i-0759,80.5,88.8,50.8,2.8,False,True,1.104,65.625,0.035,traffic_cpu_mismatch,True
i-0223,39.0,64.7,47.3,43.6,True,False,1.659,43.164,1.09,normal,False
i-0180,44.8,68.0,50.4,40.5,False,False,1.519,47.606,0.884,normal,False
i-0984,18.8,25.1,32.5,82.2,True,True,1.339,25.628,4.161,traffic_cpu_mismatch,True
i-0023,39.1,66.8,43.1,41.0,True,False,1.707,41.087,1.023,normal,False
i-0357,7.4,8.4,40.6,12.8,True,True,1.136,23.999,1.526,over_provisioned,True
i-0667,32.7,46.1,96.3,35.3,True,True,1.412,64.496,1.047,memory_pressure,True
i-0862,81.1,87.3,48.9,2.3,True,True,1.077,65.008,0.028,traffic_cpu_mismatch,True
i-0341,4.9,10.5,34.8,13.7,True,True,2.136,19.828,2.324,over_provisioned,True
i-0432,86.2,94.3,56.8,57.4,False,False,1.094,71.506,0.658,cpu_saturated,True
i-0552,89.6,94.4,63.8,60.3,False,False,1.054,76.684,0.666,cpu_saturated,True
i-0834,84.3,96.8,41.9,1.0,True,False,1.148,63.121,0.012,traffic_cpu_mismatch,True
i-0204,46.3,67.9,48.3,51.7,True,False,1.466,47.293,1.094,normal,False
i-0631,22.9,35.7,98.7,31.3,True,True,1.554,60.799,1.308,memory_pressure,True
i-0094,31.0,53.6,53.5,38.2,False,False,1.731,42.235,1.194,normal,False
i-0559,85.7,98.8,48.2,62.7,False,True,1.152,66.981,0.723,cpu_saturated,True
i-0069,20.1,38.3,44.7,46.1,False,False,1.902,32.409,2.179,normal,False
i-0623,31.5,42.6,90.4,24.0,True,True,1.354,60.96,0.738,memory_pressure,True
i-0285,1.0,8.3,35.1,8.8,False,True,8.329,18.031,4.379,over_provisioned,True
i-0845,87.7,99.3,44.9,12.8,False,False,1.132,66.281,0.144,traffic_cpu_mismatch,True
i-0435,83.3,92.6,66.4,68.7,False,True,1.112,74.817,0.815,cpu_saturated,True
i-0154,36.4,51.1,60.8,57.6,True,False,1.403,48.626,1.538,normal,False
i-0076,49.4,75.6,48.3,51.8,True,True,1.529,48.841,1.027,normal,False
i-0731,30.3,44.8,85.9,29.0,False,False,1.478,58.101,0.927,memory_pressure,True
i-0447,91.4,100.0,54.1,55.1,False,False,1.095,72.717,0.596,cpu_saturated,True
i-0189,45.3,70.2,45.6,47.8,False,False,1.548,45.478,1.031,normal,False
i-0272,5.4,13.3,33.4,11.2,True,True,2.486,19.393,1.767,over_provisioned,True
i-0237,27.5,46.5,45.7,43.7,True,True,1.687,36.639,1.531,normal,False
i-0488,89.1,100.0,59.9,67.5,False,False,1.122,74.522,0.749,cpu_saturated,True
i-0118,53.0,73.2,50.1,44.8,True,False,1.381,51.556,0.83,normal,False
i-0944,4.5,7.3,22.2,94.1,True,False,1.615,13.382,17.038,traffic_cpu_mismatch,True
i-0513,95.5,100.0,69.1,61.2,True,False,1.047,82.307,0.634,cpu_saturated,True
i-0826,88.1,100.0,43.2,7.5,True,True,1.135,65.686,0.084,traffic_cpu_mismatch,True
i-0592,81.6,90.7,59.2,65.2,True,True,1.111,70.383,0.79,cpu_saturated,True
i-0127,26.0,52.2,35.4,56.9,True,False,2.004,30.732,2.104,normal,False
i-0117,47.9,71.9,48.1,37.3,True,False,1.499,48.03,0.761,normal,False
i-0474,86.4,99.9,60.0,57.7,False,False,1.157,73.234,0.66,cpu_saturated,True
i-0694,36.0,52.1,96.5,25.7,True,True,1.446,66.249,0.693,memory_pressure,True
i-0058,37.3,56.8,50.7,49.2,False,False,1.524,43.974,1.285,normal,False
i-0864,77.6,89.5,54.6,11.5,True,False,1.154,66.065,0.146,traffic_cpu_mismatch,True
i-0913,7.5,9.3,37.7,95.9,False,True,1.239,22.622,11.279,traffic_cpu_mismatch,True
i-0370,2.9,8.2,34.7,16.5,True,True,2.827,18.807,4.223,over_provisioned,True
i-0269,2.8,12.9,35.7,12.7,False,True,4.623,19.268,3.359,over_provisioned,True
i-0047,38.1,60.8,43.5,44.6,False,False,1.596,40.809,1.14,normal,False
i-0350,3.1,7.9,48.6,6.0,True,False,2.525,25.858,1.447,over_provisioned,True
i-0196,33.2,52.5,49.5,44.7,False,False,1.582,41.343,1.309,normal,False
i-1000,7.0,10.4,29.9,79.8,True,True,1.487,18.459,9.99,traffic_cpu_mismatch,True
i-0835,69.9,71.4,50.9,14.8,False,True,1.022,60.39,0.208,traffic_cpu_mismatch,True
i-0737,32.3,46.5,96.7,26.1,True,False,1.44,64.498,0.783,memory_pressure,True
i-0264,4.2,7.5,35.7,14.4,False,False,1.792,19.921,2.78,over_provisioned,True
i-0444,89.4,100.0,55.1,63.2,False,False,1.118,72.255,0.699,cpu_saturated,True
i-0676,17.1,31.6,98.1,20.6,False,True,1.844,57.629,1.139,memory_pressure,True
i-0305,1.0,8.4,36.1,12.8,True,False,8.375,18.571,6.402,over_provisioned,True
i-0342,7.2,12.2,36.3,11.6,True,True,1.698,21.72,1.413,over_provisioned,True
i-0967,12.1,17.1,40.1,72.9,True,False,1.421,26.08,5.586,traffic_cpu_mismatch,True
i-0150,41.9,61.1,49.7,49.7,False,True,1.46,45.772,1.159,normal,False
i-0125,39.2,58.1,52.3,36.2,False,False,1.483,45.717,0.903,normal,False
i-0787,71.5,79.9,39.4,14.8,False,False,1.117,55.497,0.204,traffic_cpu_mismatch,True
i-0051,46.1,61.8,64.9,31.3,False,True,1.34,55.517,0.665,normal,False
i-0354,1.4,5.1,35.6,17.5,False,True,3.681,18.497,7.361,over_provisioned,True
i-0928,11.8,19.7,29.0,81.1,False,False,1.673,20.373,6.352,traffic_cpu_mismatch,True
i-0143,41.6,59.8,50.7,41.8,True,True,1.438,46.12,0.981,normal,False
i-0471,83.0,87.5,62.5,68.4,False,True,1.054,72.731,0.814,cpu_saturated,True
i-0400,3.7,8.7,33.0,14.4,True,False,2.334,18.373,3.037,over_provisioned,True
i-0626,36.5,55.2,91.8,33.1,False,True,1.514,64.131,0.884,memory_pressure,True
i-0321,5.2,13.6,35.5,12.8,True,True,2.621,20.342,2.07,over_provisioned,True
i-0020,36.8,56.5,36.6,44.8,True,True,1.536,36.686,1.185,normal,False
i-0810,69.0,75.4,40.2,5.9,True,True,1.093,54.615,0.084,traffic_cpu_mismatch,True
i-0791,87.0,93.0,40.6,8.2,False,True,1.068,63.817,0.093,traffic_cpu_mismatch,True
i-0809,78.5,87.1,51.1,24.1,False,True,1.11,64.802,0.303,traffic_cpu_mismatch,True
i-0408,85.1,97.4,57.4,69.6,True,True,1.145,71.208,0.808,cpu_saturated,True
i-0538,76.4,86.3,51.2,71.9,True,True,1.129,63.799,0.929,cpu_saturated,True
i-0621,30.6,44.4,100.0,32.4,True,False,1.449,65.306,1.026,memory_pressure,True
i-0039,32.8,55.4,44.6,43.3,False,True,1.691,38.692,1.283,normal,False
i-0176,31.8,43.4,38.9,50.3,False,False,1.362,35.373,1.533,normal,False
i-0246,34.8,51.5,46.9,38.8,False,False,1.481,40.853,1.084,normal,False
i-0829,75.4,84.7,43.9,16.9,True,False,1.122,59.688,0.222,traffic_cpu_mismatch,True
i-0668,27.3,42.1,88.4,34.8,True,True,1.541,57.838,1.228,memory_pressure,True
i-0755,84.4,95.2,53.7,1.0,True,True,1.128,69.04,0.012,traffic_cpu_mismatch,True
i-0859,81.9,95.5,39.4,1.0,False,False,1.166,60.641,0.012,traffic_cpu_mismatch,True
i-0155,30.7,49.4,52.0,47.3,False,False,1.607,41.356,1.493,normal,False
i-0288,6.7,13.6,28.5,8.0,False,True,2.009,17.647,1.028,over_provisioned,True
i-0603,28.0,40.5,85.5,32.2,True,False,1.448,56.764,1.11,memory_pressure,True
i-0570,85.5,94.0,60.2,64.4,True,True,1.099,72.833,0.744,cpu_saturated,True
i-0744,23.6,42.1,87.3,36.3,False,True,1.784,55.46,1.475,memory_pressure,True
i-0018,37.1,58.0,50.0,43.4,False,True,1.564,43.554,1.139,normal,False
i-0128,31.2,52.6,49.7,52.7,False,False,1.686,40.461,1.638,normal,False
i-0323,1.0,5.8,32.0,15.0,True,True,5.834,16.491,7.52,over_provisioned,True
i-0256,7.2,14.3,36.5,8.6,False,True,1.999,21.847,1.06,over_provisioned,True
i-0658,23.9,35.2,92.3,29.1,True,False,1.468,58.119,1.165,memory_pressure,True
i-0965,1.0,5.8,34.6,86.4,True,True,5.796,17.795,43.219,traffic_cpu_mismatch,True
i-0191,40.4,50.4,58.0,32.8,True,True,1.248,49.222,0.793,normal,False
i-0116,33.3,52.3,31.1,44.6,False,True,1.572,32.201,1.302,normal,False
i-0617,26.9,46.0,87.6,26.0,False,False,1.711,57.256,0.932,memory_pressure,True
i-0607,31.4,45.1,88.4,26.3,False,False,1.435,59.899,0.812,memory_pressure,True
i-0181,41.3,63.5,57.3,41.3,True,False,1.539,49.307,0.976,normal,False
i-0302,1.0,5.0,41.4,14.2,True,True,4.979,21.183,7.084,over_provisioned,True
i-0760,82.3,93.9,57.1,11.1,False,False,1.142,69.706,0.133,traffic_cpu_mismatch,True
i-0713,30.6,42.5,100.0,30.9,True,True,1.39,65.288,0.977,memory_pressure,True
i-0724,23.1,37.6,90.6,25.1,False,True,1.628,56.84,1.043,memory_pressure,True
i-0686,21.1,31.1,84.9,28.8,False,True,1.475,52.985,1.306,memory_pressure,True
i-0980,1.0,5.4,31.8,86.0,True,False,5.39,16.39,42.979,traffic_cpu_mismatch,True
i-0518,88.0,97.3,53.8,57.6,True,False,1.105,70.925,0.647,cpu_saturated,True
i-0985,7.8,14.1,27.7,79.7,False,True,1.805,17.768,9.051,traffic_cpu_mismatch,True
i-0046,49.9,73.5,39.4,41.6,True,False,1.474,44.61,0.818,normal,False
i-0910,11.5,15.8,32.2,91.6,False,True,1.383,21.825,7.354,traffic_cpu_mismatch,True
i-0158,31.6,55.2,54.8,57.9,True,False,1.749,43.174,1.778,normal,False
i-0852,83.7,96.6,41.3,14.2,True,True,1.154,62.5,0.168,traffic_cpu_mismatch,True
i-0172,37.4,59.0,54.0,48.1,False,False,1.578,45.694,1.254,normal,False
i-0017,35.7,59.1,45.1,42.7,True,False,1.656,40.383,1.164,normal,False
i-0512,77.5,85.2,65.8,60.6,True,True,1.099,71.648,0.773,cpu_saturated,True
i-0049,45.1,60.1,58.1,45.1,False,True,1.332,51.616,0.978,normal,False
i-0972,3.8,7.3,27.4,87.3,False,True,1.893,15.628,18.025,traffic_cpu_mismatch,True
i-0941,6.4,8.9,36.5,85.9,True,False,1.387,21.447,11.631,traffic_cpu_mismatch,True
i-0516,80.5,91.0,64.1,59.4,True,True,1.131,72.283,0.729,cpu_saturated,True
i-0953,6.2,8.7,27.4,76.1,False,True,1.393,16.836,10.536,traffic_cpu_mismatch,True
i-0481,89.0,96.6,60.3,55.2,True,False,1.086,74.651,0.613,cpu_saturated,True
i-0284,8.2,10.7,39.2,6.6,True,False,1.305,23.676,0.716,over_provisioned,True
i-0719,30.8,43.4,100.0,24.1,False,True,1.411,65.383,0.76,memory_pressure,True
i-0878,2.4,12.2,33.4,85.8,True,False,5.148,17.867,25.469,traffic_cpu_mismatch,True
i-0226,43.6,59.4,61.7,47.9,False,True,1.362,52.651,1.075,normal,False
i-0027,38.7,59.7,51.8,47.4,False,True,1.544,45.204,1.196,normal,False
i-0955,1.0,5.3,30.8,85.2,True,False,5.338,15.919,42.621,traffic_cpu_mismatch,True
i-0438,91.2,100.0,56.9,61.8,False,True,1.096,74.045,0.67,cpu_saturated,True
i-0952,5.7,9.8,37.1,85.3,False,True,1.707,21.448,12.644,traffic_cpu_mismatch,True
i-0365,8.3,12.9,36.9,4.0,True,False,1.555,22.63,0.428,over_provisioned,True
i-0230,36.3,55.3,50.9,43.9,False,False,1.521,43.64,1.176,normal,False
i-0038,38.6,72.1,54.0,52.9,False,False,1.867,46.301,1.337,normal,False
i-0966,10.7,14.0,28.5,78.3,False,True,1.312,19.567,6.718,traffic_cpu_mismatch,True
i-0375,8.9,16.3,38.4,12.8,True,True,1.843,23.608,1.297,over_provisioned,True
i-0470,76.6,88.2,54.8,56.1,True,True,1.151,65.72,0.722,cpu_saturated,True
i-0968,1.0,2.0,27.8,83.0,True,False,2.0,14.402,41.485,traffic_cpu_mismatch,True
i-0851,91.6,100.0,38.9,13.7,True,True,1.092,65.211,0.148,traffic_cpu_mismatch,True
i-0705,34.6,45.1,93.9,24.3,False,True,1.303,64.278,0.683,memory_pressure,True
i-0842,87.2,97.9,44.6,10.5,True,False,1.123,65.89,0.12,traffic_cpu_mismatch,True
i-0195,32.7,60.0,52.7,48.0,False,False,1.833,42.711,1.423,normal,False
i-0855,80.6,89.4,42.8,15.8,True,True,1.109,61.688,0.193,traffic_cpu_mismatch,True
i-0865,86.0,93.5,47.8,12.5,True,False,1.088,66.9,0.144,traffic_cpu_mismatch,True
i-0504,83.6,92.7,54.2,55.5,False,True,1.109,68.857,0.657,cpu_saturated,True
i-0970,1.0,6.9,24.9,79.6,True,False,6.934,12.937,39.808,traffic_cpu_mismatch,True
i-0831,82.3,91.4,52.9,1.0,True,True,1.11,67.606,0.012,traffic_cpu_mismatch,True
i-0580,84.1,95.2,58.9,64.1,False,False,1.132,71.532,0.753,cpu_saturated,True
i-0969,7.6,13.1,23.5,86.8,False,False,1.715,15.575,10.075,traffic_cpu_mismatch,True
i-0163,32.8,53.6,51.7,56.0,False,True,1.632,42.296,1.656,normal,False
i-0909,6.2,9.9,30.2,88.3,True,True,1.604,18.169,12.314,traffic_cpu_mismatch,True
i-0153,44.9,62.9,44.2,48.3,False,True,1.401,44.559,1.051,normal,False
i-0802,89.6,100.0,39.1,6.0,True,True,1.116,64.332,0.066,traffic_cpu_mismatch,True
i-0994,1.0,4.9,24.6,87.7,True,False,4.939,12.803,43.857,traffic_cpu_mismatch,True
i-0756,88.6,93.9,28.0,17.4,True,False,1.06,58.269,0.195,traffic_cpu_mismatch,True
i-0112,29.5,51.1,63.2,54.4,False,False,1.735,46.32,1.786,normal,False
i-0227,38.9,59.2,53.8,38.6,True,False,1.521,46.34,0.966,normal,False
i-0689,26.1,39.8,89.0,22.1,False,True,1.525,57.549,0.815,memory_pressure,True
i-0104,37.3,56.5,55.8,29.5,False,False,1.516,46.547,0.771,normal,False
i-0422,80.5,89.6,61.5,66.2,True,True,1.112,71.01,0.812,cpu_saturated,True
i-0420,90.2,98.7,55.2,56.5,True,False,1.094,72.702,0.62,cpu_saturated,True
i-0751,87.9,95.8,36.7,13.0,True,True,1.089,62.331,0.147,traffic_cpu_mismatch,True
i-0587,91.0,97.9,58.9,66.7,False,False,1.075,74.98,0.725,cpu_saturated,True
i-0781,84.8,92.9,36.0,17.0,True,True,1.095,60.436,0.198,traffic_cpu_mismatch,True
i-0673,32.3,44.2,80.9,28.7,False,False,1.369,56.599,0.863,memory_pressure,True
i-0120,33.2,58.5,31.4,52.6,False,False,1.761,32.329,1.539,normal,False
i-0054,40.7,62.9,44.2,41.1,False,False,1.546,42.444,0.985,normal,False
i-0152,30.6,48.7,45.5,53.3,True,False,1.589,38.088,1.685,normal,False
i-0404,76.7,89.2,54.6,66.0,False,True,1.163,65.622,0.849,cpu_saturated,True
i-0946,13.6,16.9,24.0,86.3,True,True,1.248,18.769,5.933,traffic_cpu_mismatch,True
i-0208,46.5,70.0,45.2,60.8,True,False,1.506,45.839,1.279,normal,False
i-0659,30.0,45.4,93.2,23.9,False,False,1.512,61.632,0.769,memory_pressure,True
i-0844,73.3,81.9,45.5,15.5,True,True,1.117,59.421,0.208,traffic_cpu_mismatch,True
i-0763,83.7,93.7,36.6,22.1,False,True,1.12,60.117,0.261,traffic_cpu_mismatch,True
i-0009,31.8,55.5,52.4,32.7,True,False,1.746,42.09,0.996,normal,False
i-0808,84.5,92.8,51.3,14.0,True,False,1.098,67.906,0.164,traffic_cpu_mismatch,True
i-0037,25.4,42.1,53.6,48.6,False,False,1.659,39.481,1.844,normal,False
i-0453,80.6,88.5,72.7,68.2,True,True,1.098,76.66,0.836,cpu_saturated,True
i-0652,21.3,34.2,91.2,28.6,False,True,1.61,56.211,1.283,memory_pressure,True
i-0254,10.3,16.4,39.8,20.7,True,False,1.593,25.068,1.826,over_provisioned,True
i-0304,9.0,13.1,39.6,11.9,False,True,1.46,24.304,1.191,over_provisioned,True
i-0747,20.4,27.8,92.9,27.5,False,True,1.364,56.674,1.286,memory_pressure,True
i-0572,71.5,80.5,52.8,53.8,True,True,1.127,62.136,0.743,cpu_saturated,True
i-0624,25.6,36.5,90.4,25.2,False,True,1.424,57.987,0.947,memory_pressure,True
i-0733,23.0,35.5,91.9,29.5,False,True,1.539,57.494,1.226,memory_pressure,True
i-0892,3.1,7.4,26.4,88.7,False,True,2.4,14.715,21.82,traffic_cpu_mismatch,True
i-0263,8.0,13.8,43.2,14.7,True,True,1.719,25.586,1.63,over_provisioned,True
i-0611,35.3,53.8,82.6,22.9,True,True,1.525,58.921,0.631,memory_pressure,True
i-0298,1.0,6.9,37.3,15.9,True,True,6.857,19.126,7.971,over_provisioned,True
i-0415,89.9,99.3,55.0,69.1,False,False,1.104,72.465,0.76,cpu_saturated,True
i-0151,36.2,57.9,52.0,62.2,True,True,1.601,44.095,1.673,normal,False
i-0789,78.0,88.6,42.4,11.6,True,True,1.136,60.177,0.147,traffic_cpu_mismatch,True
i-0641,32.4,43.7,97.9,29.6,False,False,1.349,65.14,0.885,memory_pressure,True
i-0890,9.0,10.0,30.8,88.4,False,True,1.112,19.893,8.871,traffic_cpu_mismatch,True
i-0551,81.2,90.7,61.1,62.8,False,True,1.117,71.119,0.764,cpu_saturated,True
i-0887,7.0,15.7,37.9,73.6,True,False,2.238,22.457,9.178,traffic_cpu_mismatch,True
i-0489,87.2,99.9,58.7,62.1,False,True,1.145,72.985,0.704,cpu_saturated,True
i-0148,25.6,42.4,43.0,39.6,True,True,1.656,34.28,1.49,normal,False
i-0147,31.9,57.0,61.1,41.3,True,True,1.787,46.469,1.257,normal,False
i-0721,17.6,30.8,99.2,29.8,False,True,1.749,58.414,1.601,memory_pressure,True
i-0932,4.8,10.4,26.5,92.4,True,True,2.179,15.639,15.966,traffic_cpu_mismatch,True
i-0740,34.8,51.0,90.7,29.2,False,True,1.467,62.721,0.817,memory_pressure,True
i-0660,28.0,36.8,91.8,39.1,True,True,1.313,59.919,1.345,memory_pressure,True
i-0349,1.0,5.4,42.4,19.8,False,True,5.428,21.702,9.917,over_provisioned,True
i-0464,86.2,92.6,56.5,61.7,False,True,1.074,71.346,0.708,cpu_saturated,True
i-0326,9.3,14.3,45.6,11.8,False,True,1.542,27.454,1.141,over_provisioned,True
i-0187,26.4,41.3,51.6,52.3,False,False,1.563,38.995,1.908,normal,False
i-0124,40.0,61.5,47.5,53.1,False,True,1.539,43.725,1.296,normal,False
i-0854,82.8,89.6,40.8,14.6,True,False,1.081,61.811,0.174,traffic_cpu_mismatch,True
i-0609,22.2,32.0,82.0,21.2,False,True,1.44,52.132,0.913,memory_pressure,True
i-0144,36.6,54.9,58.8,38.7,True,True,1.501,47.673,1.031,normal,False
i-0959,4.9,12.2,25.7,84.6,True,True,2.487,15.297,14.292,traffic_cpu_mismatch,True
i-0198,41.4,62.6,57.0,24.7,False,False,1.512,49.2,0.583,normal,False
i-0610,25.4,39.8,93.0,28.7,True,True,1.569,59.187,1.087,memory_pressure,True
i-0280,4.6,9.2,34.5,8.7,False,True,1.999,19.544,1.552,over_provisioned,True
i-0294,12.5,19.7,36.2,17.1,False,True,1.573,24.352,1.269,over_provisioned,True
i-0401,83.6,94.3,55.8,61.7,True,False,1.127,69.733,0.729,cpu_saturated,True
i-0123,31.3,53.0,41.4,50.0,True,True,1.693,36.387,1.546,normal,False
i-0184,38.7,56.7,49.8,60.0,False,False,1.465,44.245,1.513,normal,False
i-0203,37.1,54.5,49.6,47.3,False,False,1.468,43.335,1.241,normal,False
i-0439,88.9,98.7,63.6,60.3,True,False,1.111,76.241,0.671,cpu_saturated,True
i-0247,25.4,39.7,60.3,43.5,False,False,1.565,42.847,1.649,normal,False
i-0416,86.4,94.4,53.8,64.6,False,False,1.092,70.137,0.739,cpu_saturated,True
i-0933,10.3,13.6,20.9,79.4,True,False,1.312,15.628,7.007,traffic_cpu_mismatch,True
i-0766,83.0,99.6,49.0,13.7,True,False,1.2,65.972,0.163,traffic_cpu_mismatch,True
i-0907,1.0,5.9,38.7,80.9,False,False,5.934,19.866,40.44,traffic_cpu_mismatch,True
i-0836,85.8,100.0,37.6,13.8,True,True,1.165,61.734,0.159,traffic_cpu_mismatch,True
i-0888,7.5,10.3,42.5,88.2,True,True,1.376,24.993,10.385,traffic_cpu_mismatch,True
i-0130,36.2,55.6,50.1,47.4,True,True,1.535,43.163,1.275,normal,False
i-0638,25.1,36.2,90.0,38.3,False,True,1.441,57.551,1.469,memory_pressure,True
i-0403,82.8,96.1,65.1,59.0,False,False,1.161,73.926,0.704,cpu_saturated,True
i-0785,85.5,97.6,47.8,9.1,False,False,1.141,66.697,0.105,traffic_cpu_mismatch,True
i-0771,69.9,79.6,42.4,8.2,False,True,1.139,56.139,0.116,traffic_cpu_mismatch,True
i-0736,36.4,45.6,97.6,26.9,False,True,1.253,66.975,0.719,memory_pressure,True
i-0914,7.5,10.4,21.1,77.8,False,True,1.381,14.291,9.141,traffic_cpu_mismatch,True
i-0220,39.4,60.9,48.7,44.1,True,False,1.544,44.07,1.09,normal,False
i-0642,22.4,36.4,88.3,20.2,False,False,1.62,55.392,0.86,memory_pressure,True
i-0916,2.4,7.6,38.2,85.0,True,False,3.169,20.286,25.012,traffic_cpu_mismatch,True
i-0753,92.9,100.0,47.7,10.9,True,True,1.077,70.275,0.117,traffic_cpu_mismatch,True
i-0807,74.8,85.7,40.9,17.3,True,True,1.145,57.881,0.228,traffic_cpu_mismatch,True
i-0920,5.5,10.2,36.1,77.9,True,True,1.878,20.795,12.069,traffic_cpu_mismatch,True
i-0625,33.4,46.5,91.1,22.1,True,True,1.39,62.269,0.643,memory_pressure,True
i-0875,100.0,100.0,38.5,15.4,True,True,1.0,69.266,0.152,traffic_cpu_mismatch,True
i-0761,83.9,88.5,31.6,19.1,True,False,1.055,57.798,0.224,traffic_cpu_mismatch,True
i-0387,5.4,13.5,33.0,6.1,True,True,2.498,19.225,0.957,over_provisioned,True
i-0973,4.7,5.7,28.6,74.9,True,True,1.213,16.642,13.133,traffic_cpu_mismatch,True
i-0510,88.0,93.1,56.6,66.2,True,False,1.059,72.287,0.744,cpu_saturated,True
i-0268,1.0,2.5,31.9,17.1,False,True,2.478,16.449,8.525,over_provisioned,True
i-0820,76.0,87.0,42.8,17.9,False,True,1.146,59.37,0.233,traffic_cpu_mismatch,True
i-0442,83.5,94.1,59.5,60.8,False,True,1.128,71.478,0.72,cpu_saturated,True
i-0497,87.9,97.4,66.8,69.9,True,True,1.108,77.354,0.786,cpu_saturated,True
i-0113,28.1,47.6,50.4,52.7,False,True,1.697,39.231,1.811,normal,False
i-0692,33.2,43.6,86.1,26.0,False,False,1.315,59.665,0.761,memory_pressure,True
i-0233,35.6,55.2,56.4,43.0,False,False,1.552,46.003,1.175,normal,False
i-0870,86.1,95.7,53.0,17.2,True,True,1.111,69.556,0.197,traffic_cpu_mismatch,True
i-0608,25.0,38.6,91.4,17.4,True,False,1.543,58.212,0.667,memory_pressure,True
i-0672,24.9,40.3,93.5,33.3,False,True,1.621,59.187,1.288,memory_pressure,True
i-0374,1.0,5.7,43.7,15.7,True,True,5.731,22.345,7.852,over_provisioned,True
i-0982,16.1,22.2,29.8,79.0,False,True,1.382,22.926,4.622,traffic_cpu_mismatch,True
i-0843,90.8,98.7,39.8,18.0,True,True,1.087,65.302,0.196,traffic_cpu_mismatch,True
i-0234,30.3,53.8,48.8,39.7,True,False,1.774,39.549,1.268,normal,False
i-0786,78.4,94.7,42.8,14.2,True,True,1.208,60.633,0.179,traffic_cpu_mismatch,True
i-0677,34.3,47.1,87.5,18.2,False,False,1.376,60.901,0.515,memory_pressure,True
i-0318,2.4,3.7,40.0,17.5,False,True,1.562,21.214,5.17,over_provisioned,True
i-0649,33.3,48.9,100.0,20.6,False,False,1.465,66.671,0.6,memory_pressure,True
i-0411,89.4,100.0,49.1,63.6,True,True,1.119,69.254,0.704,cpu_saturated,True
i-0899,1.0,5.0,36.4,74.4,False,False,5.01,18.698,37.177,traffic_cpu_mismatch,True
i-0710,32.4,48.3,91.3,29.9,True,False,1.49,61.869,0.895,memory_pressure,True
i-0359,2.5,9.2,41.8,14.1,True,True,3.697,22.153,4.023,over_provisioned,True
i-0259,4.3,9.9,37.0,18.4,False,False,2.285,20.668,3.457,over_provisioned,True
i-0745,33.4,50.5,90.4,26.1,False,True,1.515,61.899,0.759,memory_pressure,True
i-0628,25.7,39.2,90.5,27.6,True,False,1.523,58.135,1.032,memory_pressure,True
i-0633,32.1,46.0,90.1,26.2,True,False,1.433,61.081,0.793,memory_pressure,True
i-0283,5.3,11.3,31.7,9.9,False,False,2.145,18.509,1.577,over_provisioned,True
i-0377,1.0,2.0,35.8,7.1,True,True,2.0,18.399,3.559,over_provisioned,True
i-0385,7.9,14.3,39.8,12.1,True,True,1.819,23.808,1.363,over_provisioned,True
i-0225,36.6,51.2,52.3,50.8,False,True,1.397,44.476,1.351,normal,False
i-0954,5.4,14.1,27.2,83.1,True,True,2.622,16.267,13.06,traffic_cpu_mismatch,True
i-0815,73.7,86.0,45.7,10.7,False,False,1.167,59.677,0.143,traffic_cpu_mismatch,True
i-0473,82.3,92.5,60.3,69.3,False,False,1.124,71.308,0.831,cpu_saturated,True
i-0348,1.0,7.5,33.7,13.0,True,False,7.496,17.355,6.478,over_provisioned,True
i-0506,85.8,93.7,60.9,53.1,False,True,1.092,73.354,0.611,cpu_saturated,True
i-0640,31.4,43.4,90.8,27.2,False,False,1.381,61.075,0.84,memory_pressure,True
i-0988,8.0,9.0,29.1,87.1,True,True,1.125,18.545,9.68,traffic_cpu_mismatch,True
i-0929,2.4,4.0,33.9,74.4,True,True,1.672,18.131,21.849,traffic_cpu_mismatch,True
i-0906,6.0,8.5,37.0,88.4,False,True,1.429,21.473,12.673,traffic_cpu_mismatch,True
i-0620,29.3,46.7,93.2,33.5,False,False,1.597,61.242,1.107,memory_pressure,True
i-0856,78.0,90.2,38.4,18.0,False,False,1.156,58.194,0.228,traffic_cpu_mismatch,True
i-0804,87.1,98.4,46.6,16.3,True,True,1.129,66.873,0.185,traffic_cpu_mismatch,True
i-0646,29.6,44.1,84.6,29.4,True,True,1.489,57.127,0.962,memory_pressure,True
i-0847,85.5,95.1,54.4,11.1,True,False,1.112,69.953,0.128,traffic_cpu_mismatch,True
i-0557,82.3,96.9,61.9,64.8,True,False,1.177,72.105,0.777,cpu_saturated,True
i-0958,8.5,17.1,27.4,79.0,True,True,2.005,17.953,8.285,traffic_cpu_mismatch,True
i-0578,80.0,92.3,62.5,71.1,False,True,1.153,71.24,0.878,cpu_saturated,True
i-0796,89.5,100.0,40.6,7.2,True,False,1.117,65.064,0.08,traffic_cpu_mismatch,True
i-0086,33.1,45.0,39.4,54.6,False,False,1.361,36.234,1.601,normal,False
i-0243,25.4,44.6,41.8,32.4,False,False,1.755,33.621,1.225,normal,False
i-0699,22.5,32.8,87.3,34.0,False,False,1.458,54.908,1.444,memory_pressure,True
i-0160,44.7,66.9,48.8,46.0,True,False,1.498,46.753,1.008,normal,False
i-0525,83.2,94.0,50.4,65.8,True,True,1.13,66.782,0.781,cpu_saturated,True
i-0036,35.4,51.4,52.5,48.9,False,False,1.452,43.956,1.344,normal,False
i-0541,85.4,95.6,52.3,74.1,True,False,1.12,68.868,0.857,cpu_saturated,True
i-0171,26.2,51.3,49.4,52.8,False,True,1.955,37.832,1.939,normal,False
i-0655,23.8,39.7,83.3,24.8,True,False,1.668,53.557,1.0,memory_pressure,True
i-0891,5.1,7.0,31.3,83.9,False,False,1.376,18.174,13.775,traffic_cpu_mismatch,True
i-0858,82.1,89.2,49.9,14.1,True,True,1.086,65.982,0.17,traffic_cpu_mismatch,True
i-0848,78.3,90.1,48.5,16.1,True,False,1.15,63.404,0.203,traffic_cpu_mismatch,True
i-0945,8.6,14.9,39.1,77.1,True,True,1.724,23.891,8.001,traffic_cpu_mismatch,True
i-0734,30.9,43.1,83.3,27.3,False,True,1.397,57.086,0.856,memory_pressure,True
i-0096,23.6,43.8,51.8,38.7,True,False,1.854,37.713,1.571,normal,False
i-0564,84.5,91.5,59.9,63.3,True,True,1.083,72.22,0.74,cpu_saturated,True
i-0241,30.7,49.6,47.3,46.2,False,False,1.617,38.994,1.457,normal,False
i-0743,25.0,38.6,95.8,29.0,True,False,1.547,60.375,1.118,memory_pressure,True
i-0575,81.3,92.8,51.4,65.9,False,False,1.142,66.343,0.801,cpu_saturated,True
i-0691,22.1,37.3,96.9,30.4,True,True,1.688,59.514,1.315,memory_pressure,True
i-0461,95.4,100.0,53.7,64.7,True,True,1.049,74.507,0.671,cpu_saturated,True
i-0554,83.2,93.7,52.0,60.0,True,False,1.126,67.606,0.713,cpu_saturated,True
i-0889,4.7,11.0,33.4,89.5,False,False,2.345,19.064,15.744,traffic_cpu_mismatch,True
i-0207,28.1,40.5,45.5,35.7,True,True,1.444,36.794,1.23,normal,False
i-0393,8.9,13.8,36.7,12.6,True,True,1.542,22.835,1.267,over_provisioned,True
i-0795,83.6,87.7,43.9,1.0,True,False,1.05,63.734,0.012,traffic_cpu_mismatch,True
i-0398,6.7,11.7,35.4,14.0,True,False,1.752,21.069,1.811,over_provisioned,True
i-0767,83.3,90.0,47.4,20.2,False,True,1.081,65.33,0.24,traffic_cpu_mismatch,True
i-0849,96.3,100.0,50.3,14.7,False,False,1.038,73.334,0.151,traffic_cpu_mismatch,True
i-0218,26.3,43.9,45.0,51.3,False,False,1.668,35.632,1.878,normal,False
i-0005,31.2,51.6,41.9,47.6,True,False,1.654,36.566,1.48,normal,False
i-0769,86.6,95.7,45.6,17.0,True,True,1.105,66.099,0.194,traffic_cpu_mismatch,True
i-0643,18.8,32.7,94.2,28.6,True,True,1.74,56.501,1.445,memory_pressure,True
i-0930,10.3,20.7,24.2,70.9,True,True,2.01,17.244,6.274,traffic_cpu_mismatch,True
i-0613,33.5,46.1,86.9,28.4,False,False,1.375,60.224,0.822,memory_pressure,True
i-0739,31.0,43.5,90.3,28.4,False,True,1.404,60.658,0.887,memory_pressure,True
i-0547,78.4,81.3,55.7,64.8,True,False,1.037,67.074,0.816,cpu_saturated,True
i-0726,24.6,37.8,87.1,26.7,False,False,1.537,55.851,1.043,memory_pressure,True
i-0684,28.9,46.2,93.9,25.9,True,False,1.597,61.418,0.867,memory_pressure,True
i-0099,17.7,34.9,54.0,43.6,False,False,1.972,35.869,2.331,normal,False
i-0805,83.9,97.8,53.8,17.3,False,False,1.165,68.855,0.203,traffic_cpu_mismatch,True
i-0728,24.0,40.3,93.6,26.9,True,True,1.684,58.769,1.078,memory_pressure,True
i-0574,80.2,85.8,56.1,62.8,True,True,1.07,68.139,0.773,cpu_saturated,True
i-0407,94.1,100.0,53.5,55.3,False,False,1.063,73.796,0.582,cpu_saturated,True
i-0503,85.7,96.9,62.4,58.8,True,True,1.131,74.032,0.678,cpu_saturated,True
i-0048,33.2,48.9,61.4,35.0,False,True,1.47,47.329,1.022,normal,False
i-0033,27.5,49.2,48.4,50.0,True,False,1.789,37.97,1.754,normal,False
i-0780,92.2,100.0,50.1,7.1,True,False,1.085,71.142,0.076,traffic_cpu_mismatch,True
i-0840,76.9,87.0,49.9,4.2,True,False,1.131,63.388,0.054,traffic_cpu_mismatch,True
i-0201,36.1,57.3,66.8,44.6,False,False,1.59,51.438,1.204,normal,False
i-0135,28.2,51.9,43.4,63.4,False,False,1.841,35.762,2.174,normal,False
i-0028,37.1,54.6,63.1,48.3,False,True,1.472,50.056,1.27,normal,False
i-0881,1.0,4.9,35.9,87.6,True,True,4.88,18.434,43.785,traffic_cpu_mismatch,True
i-0231,29.5,44.8,37.1,48.6,True,False,1.52,33.322,1.592,normal,False
i-0490,81.9,95.7,60.5,55.0,False,False,1.169,71.204,0.663,cpu_saturated,True
i-0773,79.3,89.8,55.1,17.6,True,False,1.133,67.154,0.22,traffic_cpu_mismatch,True
i-0379,9.2,14.0,40.7,7.7,False,True,1.53,24.919,0.759,over_provisioned,True
i-0289,5.1,8.6,37.3,17.5,True,False,1.697,21.176,2.877,over_provisioned,True
i-0419,84.4,98.9,59.2,64.5,False,False,1.172,71.774,0.755,cpu_saturated,True
i-0675,24.4,39.7,92.6,28.8,False,True,1.626,58.517,1.134,memory_pressure,True
i-0392,11.3,14.3,34.8,7.0,False,True,1.262,23.039,0.566,over_provisioned,True
i-0593,90.4,100.0,53.4,68.8,True,True,1.106,71.913,0.752,cpu_saturated,True
i-0499,80.3,91.9,61.1,58.0,True,False,1.144,70.747,0.713,cpu_saturated,True
i-0139,29.9,49.0,49.5,49.3,True,False,1.64,39.695,1.596,normal,False
i-0063,24.9,39.9,45.0,43.5,False,False,1.606,34.917,1.682,normal,False
i-0472,89.3,96.4,57.0,62.0,False,False,1.08,73.125,0.687,cpu_saturated,True
i-0648,28.4,39.1,87.5,23.4,False,False,1.38,57.939,0.797,memory_pressure,True
i-0129,32.5,52.3,52.2,33.0,False,True,1.61,42.305,0.987,normal,False
i-0977,3.4,6.5,26.9,78.8,True,False,1.915,15.142,17.946,traffic_cpu_mismatch,True
i-0521,74.8,79.5,55.0,64.3,True,True,1.063,64.887,0.848,cpu_saturated,True
i-0839,78.6,87.2,50.3,13.1,False,True,1.109,64.459,0.164,traffic_cpu_mismatch,True
i-0963,7.4,9.6,30.9,73.0,True,False,1.301,19.115,8.722,traffic_cpu_mismatch,True
i-0065,37.3,54.4,53.6,55.7,False,True,1.459,45.447,1.457,normal,False
i-0813,80.9,88.2,43.5,16.1,True,False,1.09,62.214,0.196,traffic_cpu_mismatch,True
i-0015,33.5,54.7,60.3,41.4,True,True,1.635,46.904,1.201,normal,False
i-0157,31.4,52.2,49.9,53.3,False,False,1.662,40.631,1.647,normal,False
i-0041,31.7,55.5,50.4,37.5,False,True,1.751,41.073,1.146,normal,False
i-0493,95.8,100.0,63.1,68.7,True,True,1.044,79.435,0.71,cpu_saturated,True
i-0380,6.5,9.7,34.5,16.5,False,True,1.491,20.513,2.199,over_provisioned,True
i-0188,42.6,62.4,48.8,51.2,True,False,1.467,45.671,1.175,normal,False
i-0764,72.6,79.1,54.6,11.9,True,False,1.089,63.616,0.162,traffic_cpu_mismatch,True
i-0217,35.3,55.5,45.1,40.4,False,False,1.57,40.214,1.111,normal,False
i-0792,88.5,100.0,48.9,20.4,True,True,1.13,68.702,0.228,traffic_cpu_mismatch,True
i-0053,30.9,53.8,52.5,40.1,False,False,1.744,41.687,1.26,normal,False
i-0879,2.1,3.4,28.6,81.3,True,True,1.649,15.325,26.489,traffic_cpu_mismatch,True
i-0338,9.1,16.4,33.6,10.4,True,True,1.794,21.383,1.022,over_provisioned,True
i-0749,30.6,43.4,87.8,28.4,False,False,1.418,59.192,0.898,memory_pressure,True
i-0720,18.1,34.0,80.7,28.1,False,True,1.876,49.399,1.472,memory_pressure,True
i-0725,25.4,39.2,100.0,20.9,False,True,1.542,62.706,0.791,memory_pressure,True
i-0296,3.7,7.9,34.2,13.7,True,False,2.145,18.92,2.938,over_provisioned,True
i-0702,28.7,44.8,94.5,30.9,True,True,1.562,61.59,1.04,memory_pressure,True
i-0252,1.0,7.1,42.7,14.9,True,True,7.073,21.871,7.438,over_provisioned,True
i-0727,36.0,52.0,95.3,20.9,False,True,1.445,65.652,0.565,memory_pressure,True
i-0462,87.6,99.9,52.9,62.4,False,True,1.14,70.285,0.704,cpu_saturated,True
i-0456,87.8,97.1,62.6,64.4,False,False,1.105,75.223,0.725,cpu_saturated,True
i-0997,6.6,7.6,32.5,88.3,False,True,1.151,19.536,11.589,traffic_cpu_mismatch,True
i-0816,85.0,92.4,50.5,10.2,True,False,1.087,67.73,0.118,traffic_cpu_mismatch,True
i-0863,85.0,94.9,37.6,9.8,True,True,1.116,61.335,0.113,traffic_cpu_mismatch,True
i-0270,13.2,20.7,42.1,14.4,True,False,1.56,27.671,1.009,over_provisioned,True
i-0202,42.7,66.9,54.5,37.0,True,False,1.565,48.605,0.846,normal,False
i-0162,36.3,56.5,40.5,50.2,False,False,1.555,38.409,1.345,normal,False
i-0556,87.1,98.9,51.7,70.5,False,False,1.135,69.39,0.8,cpu_saturated,True
i-0730,31.5,52.5,90.5,30.0,False,True,1.668,60.991,0.922,memory_pressure,True
i-0402,84.2,92.6,61.7,61.1,False,True,1.1,72.965,0.717,cpu_saturated,True
i-0703,26.0,42.5,98.0,31.6,False,False,1.634,62.001,1.167,memory_pressure,True
i-0477,95.0,100.0,53.8,58.7,True,True,1.052,74.404,0.612,cpu_saturated,True
i-0822,87.1,93.4,54.7,14.1,True,False,1.072,70.914,0.16,traffic_cpu_mismatch,True
i-0772,94.6,100.0,53.0,19.8,True,True,1.058,73.758,0.208,traffic_cpu_mismatch,True
i-0106,36.3,57.1,46.8,39.1,True,False,1.575,41.529,1.048,normal,False
i-0566,88.5,97.6,57.3,65.7,True,True,1.103,72.88,0.734,cpu_saturated,True
i-0390,5.1,10.5,33.0,9.5,True,True,2.074,19.021,1.567,over_provisioned,True
i-0002,46.1,68.7,46.7,48.8,True,True,1.493,46.384,1.037,normal,False
i-0938,5.7,7.9,49.6,75.6,False,True,1.392,27.632,11.361,traffic_cpu_mismatch,True
i-0983,6.0,15.9,30.9,81.9,False,True,2.657,18.441,11.729,traffic_cpu_mismatch,True
i-0562,94.2,100.0,54.4,63.8,False,True,1.061,74.3,0.67,cpu_saturated,True
i-0081,25.9,48.2,52.6,38.4,True,True,1.864,39.217,1.43,normal,False
i-0206,33.8,53.8,42.3,34.9,True,False,1.594,38.057,1.004,normal,False
i-0035,36.5,52.1,51.2,47.7,False,True,1.429,43.855,1.272,normal,False
i-0776,74.2,79.4,42.2,18.4,True,True,1.07,58.188,0.245,traffic_cpu_mismatch,True
i-0509,94.7,100.0,67.2,66.1,False,False,1.056,80.929,0.69,cpu_saturated,True
i-0428,78.4,91.2,54.9,69.7,True,False,1.163,66.621,0.878,cpu_saturated,True
i-0455,86.4,90.9,56.9,57.7,False,False,1.052,71.64,0.66,cpu_saturated,True
i-0367,1.0,6.4,45.2,17.0,True,False,6.368,23.101,8.478,over_provisioned,True
i-0092,25.2,47.2,45.4,41.6,True,True,1.871,35.328,1.587,normal,False
i-0340,1.0,4.4,41.9,18.5,True,True,4.388,21.43,9.231,over_provisioned,True
i-0898,11.3,25.6,36.8,76.9,True,True,2.272,24.058,6.269,traffic_cpu_mismatch,True
i-0565,91.2,100.0,55.6,58.9,True,False,1.096,73.413,0.639,cpu_saturated,True
i-0346,11.9,21.4,40.6,14.0,True,True,1.793,26.241,1.083,over_provisioned,True
i-0777,82.3,87.0,49.0,16.3,False,True,1.058,65.617,0.196,traffic_cpu_mismatch,True
i-0242,38.1,62.2,56.6,34.6,False,False,1.635,47.353,0.886,normal,False
i-0014,16.7,39.5,50.6,42.9,True,False,2.373,33.636,2.429,normal,False
i-0316,5.3,12.6,34.3,13.0,True,False,2.387,19.785,2.063,over_provisioned,True
i-0601,27.7,39.3,96.6,39.6,True,True,1.416,62.17,1.378,memory_pressure,True
i-0388,5.7,10.8,38.7,13.0,False,True,1.902,22.176,1.949,over_provisioned,True
i-0274,1.0,9.7,42.9,14.3,True,True,9.708,21.942,7.164,over_provisioned,True
i-0167,24.9,37.2,53.1,41.5,False,True,1.495,38.972,1.604,normal,False
i-0841,84.9,91.7,50.9,8.2,False,False,1.081,67.909,0.096,traffic_cpu_mismatch,True
i-0993,14.9,20.5,31.0,97.0,True,False,1.378,22.965,6.104,traffic_cpu_mismatch,True
i-0647,23.9,35.3,100.0,34.7,False,False,1.474,61.962,1.391,memory_pressure,True
i-0819,90.4,100.0,51.2,8.2,True,True,1.107,70.798,0.09,traffic_cpu_mismatch,True
i-0485,87.7,98.5,60.3,54.3,True,True,1.123,74.011,0.613,cpu_saturated,True
i-0981,1.0,5.9,33.8,83.5,False,True,5.936,17.381,41.748,traffic_cpu_mismatch,True
i-0505,89.0,97.6,55.9,57.4,False,True,1.097,72.455,0.638,cpu_saturated,True
i-0832,79.3,94.5,40.7,18.6,False,False,1.191,59.977,0.232,traffic_cpu_mismatch,True
i-0244,31.0,41.9,46.2,47.7,False,True,1.353,38.57,1.494,normal,False
i-0567,76.5,89.7,58.4,59.9,True,False,1.174,67.408,0.774,cpu_saturated,True
i-0876,1.0,7.3,27.9,87.8,True,True,7.297,14.456,43.903,traffic_cpu_mismatch,True
i-0563,79.5,91.0,60.3,52.7,True,True,1.144,69.894,0.654,cpu_saturated,True
i-0687,28.2,37.3,94.3,32.1,False,True,1.322,61.224,1.099,memory_pressure,True
i-0190,31.1,48.8,49.8,53.2,True,False,1.567,40.484,1.655,normal,False
i-0783,81.7,87.0,40.4,10.6,True,True,1.064,61.037,0.129,traffic_cpu_mismatch,True
i-0700,32.8,47.4,83.3,27.0,False,False,1.446,58.043,0.801,memory_pressure,True
i-0476,94.5,100.0,59.0,66.7,False,True,1.058,76.726,0.698,cpu_saturated,True
i-0682,17.6,31.4,90.2,26.4,True,True,1.782,53.935,1.416,memory_pressure,True
i-0511,85.7,100.0,64.2,61.7,True,False,1.166,74.986,0.711,cpu_saturated,True
i-0059,28.0,43.7,58.1,50.5,False,False,1.563,43.032,1.745,normal,False
i-0475,83.8,92.6,59.5,64.3,False,False,1.105,71.634,0.759,cpu_saturated,True
i-0561,85.4,96.8,54.5,66.3,False,True,1.134,69.909,0.768,cpu_saturated,True
i-0857,76.0,86.8,38.9,12.5,False,False,1.141,57.468,0.162,traffic_cpu_mismatch,True
i-0748,27.7,44.5,91.4,24.3,False,False,1.607,59.564,0.846,memory_pressure,True
i-0253,9.0,12.5,32.3,18.0,True,True,1.388,20.648,1.803,over_provisioned,True
i-0022,43.0,65.6,55.5,38.6,True,False,1.526,49.268,0.878,normal,False
i-0314,8.2,10.0,33.8,7.7,False,True,1.216,20.993,0.84,over_provisioned,True
i-0460,79.1,87.7,63.1,72.4,True,True,1.109,71.109,0.904,cpu_saturated,True
i-0161,37.6,56.2,50.2,53.9,True,True,1.496,43.891,1.398,normal,False
i-0277,7.1,11.0,33.3,1.0,True,True,1.558,20.187,0.124,over_provisioned,True
i-0956,13.5,19.1,33.2,81.9,False,True,1.417,23.348,5.649,traffic_cpu_mismatch,True
i-0192,25.9,50.0,46.7,47.4,False,False,1.928,36.332,1.761,normal,False
i-0386,7.7,13.9,36.6,9.7,True,True,1.804,22.138,1.117,over_provisioned,True
i-0806,79.2,91.5,37.6,20.3,False,True,1.155,58.433,0.253,traffic_cpu_mismatch,True
i-0414,77.4,85.7,64.0,57.1,False,True,1.107,70.671,0.729,cpu_saturated,True
i-0492,95.8,100.0,52.7,69.4,False,True,1.044,74.238,0.717,cpu_saturated,True
i-0344,7.8,12.1,42.7,13.5,False,True,1.556,25.24,1.534,over_provisioned,True
i-0770,75.3,88.1,45.2,10.9,True,True,1.17,60.24,0.142,traffic_cpu_mismatch,True
i-0309,4.5,7.5,42.4,11.5,False,True,1.683,23.449,2.106,over_provisioned,True
i-0662,27.3,42.1,96.1,32.4,False,True,1.544,61.718,1.144,memory_pressure,True
i-0131,36.4,52.9,52.9,33.1,False,False,1.456,44.614,0.885,normal,False
i-0664,22.4,35.4,91.9,34.1,True,False,1.581,57.148,1.459,memory_pressure,True
i-0872,89.1,100.0,51.2,19.7,True,False,1.122,70.157,0.219,traffic_cpu_mismatch,True
i-0100,37.6,55.5,50.6,43.9,False,False,1.476,44.102,1.138,normal,False
i-0373,8.4,13.1,39.6,11.6,True,False,1.562,23.983,1.232,over_provisioned,True
i-0088,23.8,44.5,44.7,35.0,True,True,1.872,34.23,1.416,normal,False
i-0459,82.5,89.3,56.9,60.5,True,False,1.083,69.684,0.724,cpu_saturated,True
i-0331,5.7,11.6,33.6,17.6,False,True,2.037,19.657,2.643,over_provisioned,True
i-0215,30.8,51.9,38.8,48.1,False,False,1.686,34.82,1.513,normal,False
i-0467,91.5,99.9,51.4,61.0,False,False,1.092,71.443,0.659,cpu_saturated,True
i-0122,41.5,66.0,55.1,37.1,True,True,1.588,48.301,0.872,normal,False
i-0615,30.5,48.3,100.0,26.0,False,False,1.581,65.264,0.824,memory_pressure,True
i-0021,35.4,64.0,48.7,47.1,True,False,1.808,42.038,1.293,normal,False
i-0701,18.8,30.6,90.7,30.7,False,True,1.627,54.73,1.551,memory_pressure,True
i-0072,23.0,47.7,49.2,53.7,False,True,2.075,36.103,2.235,normal,False
i-0107,35.5,53.8,53.4,47.3,True,False,1.516,44.427,1.297,normal,False
i-0271,1.7,6.7,37.3,10.2,False,False,3.891,19.523,3.735,over_provisioned,True
i-0861,69.5,78.9,44.4,11.6,False,True,1.137,56.932,0.165,traffic_cpu_mismatch,True
i-0436,90.1,97.2,62.1,69.7,True,True,1.079,76.075,0.765,cpu_saturated,True
i-0103,20.7,37.2,36.9,42.5,False,False,1.794,28.819,1.957,normal,False
